-- --------------------------------------------------------
-- Host:                         127.0.0.1
-- Server version:               8.0.31 - MySQL Community Server - GPL
-- Server OS:                    Win64
-- HeidiSQL Version:             12.4.0.6659
-- --------------------------------------------------------

/*!40101 SET @OLD_CHARACTER_SET_CLIENT=@@CHARACTER_SET_CLIENT */;
/*!40101 SET NAMES utf8 */;
/*!50503 SET NAMES utf8mb4 */;
/*!40103 SET @OLD_TIME_ZONE=@@TIME_ZONE */;
/*!40103 SET TIME_ZONE='+00:00' */;
/*!40014 SET @OLD_FOREIGN_KEY_CHECKS=@@FOREIGN_KEY_CHECKS, FOREIGN_KEY_CHECKS=0 */;
/*!40101 SET @OLD_SQL_MODE=@@SQL_MODE, SQL_MODE='NO_AUTO_VALUE_ON_ZERO' */;
/*!40111 SET @OLD_SQL_NOTES=@@SQL_NOTES, SQL_NOTES=0 */;


-- Dumping database structure for dbaaaflight
DROP DATABASE IF EXISTS `dbaaaflight`;
CREATE DATABASE IF NOT EXISTS `dbaaaflight` /*!40100 DEFAULT CHARACTER SET latin1 */ /*!80016 DEFAULT ENCRYPTION='N' */;
USE `dbaaaflight`;

-- Dumping structure for table dbaaaflight.color
DROP TABLE IF EXISTS `color`;
CREATE TABLE IF NOT EXISTS `color` (
  `color` varchar(30) DEFAULT NULL
) ENGINE=InnoDB DEFAULT CHARSET=latin1;

-- Dumping data for table dbaaaflight.color: ~138 rows (approximately)
INSERT INTO `color` (`color`) VALUES
	('maroon'),
	('darkred'),
	('brown'),
	('firebrick'),
	('crimson'),
	('red'),
	('tomato'),
	('coral'),
	('indianred'),
	('lightcoral'),
	('darksalmon'),
	('salmon'),
	('lightsalmon'),
	('orangered'),
	('darkorange'),
	('orange'),
	('gold'),
	('darkgoldenrod'),
	('goldenrod'),
	('palegoldenrod'),
	('darkkhaki'),
	('khaki'),
	('olive'),
	('yellow'),
	('yellowgreen'),
	('darkolivegreen'),
	('olivedrab'),
	('lawngreen'),
	('chartreuse'),
	('greenyellow'),
	('darkgreen'),
	('green'),
	('forestgreen'),
	('lime'),
	('limegreen'),
	('lightgreen'),
	('palegreen'),
	('darkseagreen'),
	('mediumspringgreen'),
	('springgreen'),
	('seagreen'),
	('mediumseagreen'),
	('lightseagreen'),
	('darkslategray'),
	('teal'),
	('darkcyan'),
	('aqua'),
	('cyan'),
	('lightcyan'),
	('darkturquoise'),
	('turquoise'),
	('mediumturquoise'),
	('paleturquoise'),
	('aquamarine'),
	('powderblue'),
	('cadetblue'),
	('steelblue'),
	('cornflowerblue'),
	('deepskyblue'),
	('dodgerblue'),
	('lightblue'),
	('skyblue'),
	('lightskyblue'),
	('midnightblue'),
	('navy'),
	('darkblue'),
	('mediumblue'),
	('blue'),
	('royalblue'),
	('blueviolet'),
	('indigo'),
	('darkslateblue'),
	('slateblue'),
	('mediumslateblue'),
	('mediumpurple'),
	('darkmagenta'),
	('darkviolet'),
	('darkorchid'),
	('mediumorchid'),
	('purple'),
	('thistle'),
	('plum'),
	('violet'),
	('magenta'),
	('orchid'),
	('mediumvioletred'),
	('palevioletred'),
	('deeppink'),
	('hotpink'),
	('lightpink'),
	('pink'),
	('antiquewhite'),
	('beige'),
	('bisque'),
	('blanchedalmond'),
	('wheat'),
	('cornsilk'),
	('lemonchiffon'),
	('lightgoldenrodyellow'),
	('lightyellow'),
	('saddlebrown'),
	('sienna'),
	('chocolate'),
	('peru'),
	('sandybrown'),
	('burlywood'),
	('tan'),
	('rosybrown'),
	('moccasin'),
	('navajowhite'),
	('peachpuff'),
	('mistyrose'),
	('lavenderblush'),
	('linen'),
	('oldlace'),
	('papayawhip'),
	('seashell'),
	('mintcream'),
	('slategray'),
	('lightslategray'),
	('lightsteelblue'),
	('lavender'),
	('floralwhite'),
	('aliceblue'),
	('ghostwhite'),
	('honeydew'),
	('ivory'),
	(' azure'),
	('snow'),
	('black'),
	('dimgray'),
	('gray'),
	('darkgray'),
	('silver'),
	('lightgray'),
	('gainsboro'),
	('whitesmoke'),
	('white');

-- Dumping structure for table dbaaaflight.designation
DROP TABLE IF EXISTS `designation`;
CREATE TABLE IF NOT EXISTS `designation` (
  `designation` varchar(50) NOT NULL DEFAULT '',
  PRIMARY KEY (`designation`) USING BTREE
) ENGINE=InnoDB DEFAULT CHARSET=latin1;

-- Dumping data for table dbaaaflight.designation: ~5 rows (approximately)
INSERT INTO `designation` (`designation`) VALUES
	('Administrator'),
	('Aircraft Inspector'),
	('Aircraft Mechanic'),
	('Flight Instructor'),
	('Student Trainee');

-- Dumping structure for table dbaaaflight.flight_sched
DROP TABLE IF EXISTS `flight_sched`;
CREATE TABLE IF NOT EXISTS `flight_sched` (
  `flight_sched_id` int NOT NULL AUTO_INCREMENT,
  `flight_date` date DEFAULT NULL,
  `time_departure` varchar(50) DEFAULT NULL,
  `etime_arrival` varchar(50) DEFAULT NULL,
  `departure_aerodome` varchar(10) CHARACTER SET latin1 COLLATE latin1_swedish_ci DEFAULT NULL,
  `destination_aerodome` varchar(10) CHARACTER SET latin1 COLLATE latin1_swedish_ci DEFAULT NULL,
  `route_begin` varchar(20) CHARACTER SET latin1 COLLATE latin1_swedish_ci DEFAULT NULL,
  `route_end` varchar(20) DEFAULT NULL,
  `level` varchar(10) CHARACTER SET latin1 COLLATE latin1_swedish_ci DEFAULT NULL,
  `note` varchar(100) CHARACTER SET latin1 COLLATE latin1_swedish_ci DEFAULT NULL,
  `status` varchar(30) CHARACTER SET latin1 COLLATE latin1_swedish_ci DEFAULT 'active',
  `flight_sched_slug` varchar(100) CHARACTER SET latin1 COLLATE latin1_swedish_ci DEFAULT 'active',
  `date_created` timestamp NULL DEFAULT CURRENT_TIMESTAMP,
  `date_modified` timestamp NULL DEFAULT CURRENT_TIMESTAMP ON UPDATE CURRENT_TIMESTAMP,
  PRIMARY KEY (`flight_sched_id`)
) ENGINE=MyISAM AUTO_INCREMENT=52 DEFAULT CHARSET=latin1;

-- Dumping data for table dbaaaflight.flight_sched: 0 rows
/*!40000 ALTER TABLE `flight_sched` DISABLE KEYS */;
/*!40000 ALTER TABLE `flight_sched` ENABLE KEYS */;

-- Dumping structure for table dbaaaflight.flight_sched_archive
DROP TABLE IF EXISTS `flight_sched_archive`;
CREATE TABLE IF NOT EXISTS `flight_sched_archive` (
  `flight_sched_id` int DEFAULT NULL,
  `flight_date` date DEFAULT NULL,
  `time_departure` varchar(50) DEFAULT NULL,
  `etime_arrival` varchar(50) DEFAULT NULL,
  `departure_aerodome` varchar(10) CHARACTER SET latin1 COLLATE latin1_swedish_ci DEFAULT NULL,
  `destination_aerodome` varchar(10) CHARACTER SET latin1 COLLATE latin1_swedish_ci DEFAULT NULL,
  `route_begin` varchar(20) CHARACTER SET latin1 COLLATE latin1_swedish_ci DEFAULT NULL,
  `route_end` varchar(20) CHARACTER SET latin1 COLLATE latin1_swedish_ci DEFAULT NULL,
  `level` varchar(10) CHARACTER SET latin1 COLLATE latin1_swedish_ci DEFAULT NULL,
  `note` varchar(100) CHARACTER SET latin1 COLLATE latin1_swedish_ci DEFAULT NULL,
  `status` varchar(30) CHARACTER SET latin1 COLLATE latin1_swedish_ci DEFAULT 'active',
  `flight_sched_slug` varchar(100) CHARACTER SET latin1 COLLATE latin1_swedish_ci DEFAULT 'active',
  `created_datetime` timestamp NULL DEFAULT CURRENT_TIMESTAMP,
  `modified_datetime` timestamp NULL DEFAULT CURRENT_TIMESTAMP ON UPDATE CURRENT_TIMESTAMP
) ENGINE=MyISAM AUTO_INCREMENT=37 DEFAULT CHARSET=latin1;

-- Dumping data for table dbaaaflight.flight_sched_archive: 0 rows
/*!40000 ALTER TABLE `flight_sched_archive` DISABLE KEYS */;
/*!40000 ALTER TABLE `flight_sched_archive` ENABLE KEYS */;

-- Dumping structure for table dbaaaflight.flight_sched_passenger
DROP TABLE IF EXISTS `flight_sched_passenger`;
CREATE TABLE IF NOT EXISTS `flight_sched_passenger` (
  `flight_sched_passenger_id` int NOT NULL AUTO_INCREMENT,
  `user_id` int DEFAULT NULL,
  `flight_sched_id` int DEFAULT NULL,
  `lup_aircraft_id` int DEFAULT '0',
  `flight_sched_slug` varchar(100) CHARACTER SET latin1 COLLATE latin1_swedish_ci DEFAULT NULL,
  `confirn` varchar(5) DEFAULT NULL,
  `remarks` varchar(150) DEFAULT NULL,
  PRIMARY KEY (`flight_sched_passenger_id`) USING BTREE
) ENGINE=MyISAM AUTO_INCREMENT=531 DEFAULT CHARSET=latin1;

-- Dumping data for table dbaaaflight.flight_sched_passenger: 0 rows
/*!40000 ALTER TABLE `flight_sched_passenger` DISABLE KEYS */;
/*!40000 ALTER TABLE `flight_sched_passenger` ENABLE KEYS */;

-- Dumping structure for table dbaaaflight.flight_sched_passenger_archive
DROP TABLE IF EXISTS `flight_sched_passenger_archive`;
CREATE TABLE IF NOT EXISTS `flight_sched_passenger_archive` (
  `flight_sched_passenger_id` int NOT NULL,
  `user_id` int DEFAULT NULL,
  `flight_sched_id` int DEFAULT NULL,
  `lup_aircraft_id` int DEFAULT '0',
  `flight_sched_slug` varchar(100) CHARACTER SET latin1 COLLATE latin1_swedish_ci DEFAULT NULL,
  `confirn` varchar(5) CHARACTER SET latin1 COLLATE latin1_swedish_ci DEFAULT NULL,
  `remarks` varchar(150) CHARACTER SET latin1 COLLATE latin1_swedish_ci DEFAULT NULL
) ENGINE=MyISAM AUTO_INCREMENT=461 DEFAULT CHARSET=latin1;

-- Dumping data for table dbaaaflight.flight_sched_passenger_archive: 0 rows
/*!40000 ALTER TABLE `flight_sched_passenger_archive` DISABLE KEYS */;
/*!40000 ALTER TABLE `flight_sched_passenger_archive` ENABLE KEYS */;

-- Dumping structure for table dbaaaflight.inspection_sched
DROP TABLE IF EXISTS `inspection_sched`;
CREATE TABLE IF NOT EXISTS `inspection_sched` (
  `inspection_sched_id` int NOT NULL AUTO_INCREMENT,
  `flight_sched_id` int DEFAULT NULL,
  `flight_sched_slug` varchar(100) CHARACTER SET latin1 COLLATE latin1_swedish_ci DEFAULT NULL,
  `lup_aircraft_id` int DEFAULT NULL,
  `inspection_type` varchar(20) CHARACTER SET latin1 COLLATE latin1_swedish_ci DEFAULT NULL,
  `inspection_date` varchar(15) DEFAULT NULL,
  `inspection_time` varchar(15) DEFAULT NULL,
  `doc_ref_no` int DEFAULT NULL,
  `doc_ref_year` year DEFAULT NULL,
  `issue_rev_no` varchar(15) CHARACTER SET latin1 COLLATE latin1_swedish_ci DEFAULT '2-1',
  `effective_date` varchar(15) DEFAULT NULL,
  `ac_mechanic_id` int DEFAULT NULL,
  `ac_inspection_id` int DEFAULT NULL,
  `inspection_sched_slug` varchar(100) CHARACTER SET latin1 COLLATE latin1_swedish_ci DEFAULT NULL,
  `remarks` varchar(100) CHARACTER SET latin1 COLLATE latin1_swedish_ci DEFAULT 'for inspection',
  `date_created` timestamp NULL DEFAULT CURRENT_TIMESTAMP,
  `date_modified` timestamp NULL DEFAULT CURRENT_TIMESTAMP ON UPDATE CURRENT_TIMESTAMP,
  PRIMARY KEY (`inspection_sched_id`) USING BTREE
) ENGINE=MyISAM AUTO_INCREMENT=26 DEFAULT CHARSET=latin1;

-- Dumping data for table dbaaaflight.inspection_sched: 0 rows
/*!40000 ALTER TABLE `inspection_sched` DISABLE KEYS */;
/*!40000 ALTER TABLE `inspection_sched` ENABLE KEYS */;

-- Dumping structure for table dbaaaflight.lup_aircraft
DROP TABLE IF EXISTS `lup_aircraft`;
CREATE TABLE IF NOT EXISTS `lup_aircraft` (
  `lup_aircraft_id` int NOT NULL AUTO_INCREMENT,
  `type_of_aircraft` varchar(10) CHARACTER SET latin1 COLLATE latin1_swedish_ci DEFAULT NULL,
  `aircraft_id` varchar(20) CHARACTER SET latin1 COLLATE latin1_swedish_ci DEFAULT NULL,
  `seat` int DEFAULT NULL,
  `color_marking` varchar(50) CHARACTER SET latin1 COLLATE latin1_swedish_ci DEFAULT NULL,
  `date_validity` date DEFAULT NULL,
  `endurance` varchar(20) CHARACTER SET latin1 COLLATE latin1_swedish_ci DEFAULT NULL,
  `crossing_speed` varchar(10) DEFAULT NULL,
  `other_info` varchar(100) DEFAULT NULL,
  `aircraft_slug` varchar(100) CHARACTER SET latin1 COLLATE latin1_swedish_ci DEFAULT NULL,
  `aircraft_status` varchar(50) DEFAULT NULL,
  `flight_status` varchar(100) CHARACTER SET latin1 COLLATE latin1_swedish_ci DEFAULT NULL,
  `flight_sched_slug` varchar(100) DEFAULT 'active',
  PRIMARY KEY (`lup_aircraft_id`)
) ENGINE=MyISAM AUTO_INCREMENT=22 DEFAULT CHARSET=latin1;

-- Dumping data for table dbaaaflight.lup_aircraft: 5 rows
/*!40000 ALTER TABLE `lup_aircraft` DISABLE KEYS */;
INSERT INTO `lup_aircraft` (`lup_aircraft_id`, `type_of_aircraft`, `aircraft_id`, `seat`, `color_marking`, `date_validity`, `endurance`, `crossing_speed`, `other_info`, `aircraft_slug`, `aircraft_status`, `flight_status`, `flight_sched_slug`) VALUES
	(19, 'D152', 'RP-C5678', 2, 'WHITE,  RED WITH ABC LOGO', '2024-04-12', '12', 'NO08', '', NULL, 'active', '', ''),
	(16, 'D152', 'RP-C2345', 3, 'WHITE,  RED WITH ABC LOGO', '2024-04-12', '12', 'NO08', NULL, NULL, 'active', '', ''),
	(17, 'D152', 'RP-C3456', 4, 'WHITE,  RED WITH ABC LOGO', '2024-04-12', '12', 'NO08', NULL, NULL, 'active', '', ''),
	(18, 'D152', 'RPC4567', 5, 'WHITE,  RED WITH ABC LOGO', '2023-04-23', '12', 'NO08', '', NULL, 'active', '', ''),
	(15, 'D152', 'RP-C1234', 6, 'WHITE,  RED WITH ABC LOGO', '2023-04-12', '12', 'NO08', NULL, NULL, 'active', '', '');
/*!40000 ALTER TABLE `lup_aircraft` ENABLE KEYS */;

-- Dumping structure for table dbaaaflight.lup_aircraft_emergency_radio
DROP TABLE IF EXISTS `lup_aircraft_emergency_radio`;
CREATE TABLE IF NOT EXISTS `lup_aircraft_emergency_radio` (
  `lup_aircraft_emergency_radio_id` int NOT NULL AUTO_INCREMENT,
  `lup_aircraft_id` int NOT NULL DEFAULT '0',
  `emergency_radio` varchar(50) CHARACTER SET latin1 COLLATE latin1_swedish_ci DEFAULT NULL,
  PRIMARY KEY (`lup_aircraft_emergency_radio_id`) USING BTREE
) ENGINE=MyISAM AUTO_INCREMENT=38 DEFAULT CHARSET=latin1;

-- Dumping data for table dbaaaflight.lup_aircraft_emergency_radio: 13 rows
/*!40000 ALTER TABLE `lup_aircraft_emergency_radio` DISABLE KEYS */;
INSERT INTO `lup_aircraft_emergency_radio` (`lup_aircraft_emergency_radio_id`, `lup_aircraft_id`, `emergency_radio`) VALUES
	(15, 15, 'ELT'),
	(14, 15, 'VHF'),
	(13, 15, 'UHF'),
	(16, 16, 'UHF'),
	(17, 16, 'VHF'),
	(18, 16, 'ELT'),
	(19, 17, 'UHF'),
	(20, 17, 'VHF'),
	(21, 17, 'ELT'),
	(37, 18, 'VHF'),
	(36, 18, 'UHF'),
	(33, 19, 'VHF'),
	(32, 19, 'UHF');
/*!40000 ALTER TABLE `lup_aircraft_emergency_radio` ENABLE KEYS */;

-- Dumping structure for table dbaaaflight.lup_aircraft_survival_equipment
DROP TABLE IF EXISTS `lup_aircraft_survival_equipment`;
CREATE TABLE IF NOT EXISTS `lup_aircraft_survival_equipment` (
  `lup_aircraft_survival_equipment_id` int NOT NULL AUTO_INCREMENT,
  `lup_aircraft_id` int NOT NULL DEFAULT '0',
  `survival_equipment` varchar(50) DEFAULT NULL,
  PRIMARY KEY (`lup_aircraft_survival_equipment_id`)
) ENGINE=MyISAM AUTO_INCREMENT=59 DEFAULT CHARSET=latin1;

-- Dumping data for table dbaaaflight.lup_aircraft_survival_equipment: 16 rows
/*!40000 ALTER TABLE `lup_aircraft_survival_equipment` DISABLE KEYS */;
INSERT INTO `lup_aircraft_survival_equipment` (`lup_aircraft_survival_equipment_id`, `lup_aircraft_id`, `survival_equipment`) VALUES
	(35, 16, 'SURVIVAL'),
	(34, 15, 'JUNGLE'),
	(32, 15, 'DESERT'),
	(33, 15, 'MARITIME'),
	(31, 15, 'SURVIVAL'),
	(36, 16, 'MARITIME'),
	(37, 16, 'JUNGLE'),
	(38, 17, 'SURVIVAL'),
	(39, 17, 'MARITIME'),
	(40, 17, 'JUNGLE'),
	(57, 18, 'MARITIME'),
	(52, 19, 'JUNGLE'),
	(51, 19, 'MARITIME'),
	(50, 19, 'SURVIVAL'),
	(56, 18, 'SURVIVAL'),
	(58, 18, 'JUNGLE');
/*!40000 ALTER TABLE `lup_aircraft_survival_equipment` ENABLE KEYS */;

-- Dumping structure for table dbaaaflight.lup_basic_settings
DROP TABLE IF EXISTS `lup_basic_settings`;
CREATE TABLE IF NOT EXISTS `lup_basic_settings` (
  `set_originator` varchar(50) DEFAULT NULL,
  `set_aircraft_color_marking` varchar(50) DEFAULT NULL,
  `set_time_use` varchar(20) CHARACTER SET latin1 COLLATE latin1_swedish_ci DEFAULT NULL,
  `type_of_flight` varchar(20) DEFAULT NULL
) ENGINE=MyISAM DEFAULT CHARSET=latin1;

-- Dumping data for table dbaaaflight.lup_basic_settings: 1 rows
/*!40000 ALTER TABLE `lup_basic_settings` DISABLE KEYS */;
INSERT INTO `lup_basic_settings` (`set_originator`, `set_aircraft_color_marking`, `set_time_use`, `type_of_flight`) VALUES
	('RPUI', 'WHITE,  RED with ABC LOGO', 'GREENWICH TIME', 'X- FOR TRAINING');
/*!40000 ALTER TABLE `lup_basic_settings` ENABLE KEYS */;

-- Dumping structure for table dbaaaflight.lup_emergency_radio
DROP TABLE IF EXISTS `lup_emergency_radio`;
CREATE TABLE IF NOT EXISTS `lup_emergency_radio` (
  `emergency_radio` varchar(5) CHARACTER SET latin1 COLLATE latin1_swedish_ci NOT NULL DEFAULT '0'
) ENGINE=MyISAM DEFAULT CHARSET=latin1;

-- Dumping data for table dbaaaflight.lup_emergency_radio: 3 rows
/*!40000 ALTER TABLE `lup_emergency_radio` DISABLE KEYS */;
INSERT INTO `lup_emergency_radio` (`emergency_radio`) VALUES
	('UHF'),
	('VHF'),
	('ELT');
/*!40000 ALTER TABLE `lup_emergency_radio` ENABLE KEYS */;

-- Dumping structure for table dbaaaflight.lup_flight_rules
DROP TABLE IF EXISTS `lup_flight_rules`;
CREATE TABLE IF NOT EXISTS `lup_flight_rules` (
  `flight_rules` varchar(5) DEFAULT NULL
) ENGINE=MyISAM DEFAULT CHARSET=latin1;

-- Dumping data for table dbaaaflight.lup_flight_rules: 2 rows
/*!40000 ALTER TABLE `lup_flight_rules` DISABLE KEYS */;
INSERT INTO `lup_flight_rules` (`flight_rules`) VALUES
	('VFR'),
	('IFR');
/*!40000 ALTER TABLE `lup_flight_rules` ENABLE KEYS */;

-- Dumping structure for table dbaaaflight.lup_jacket
DROP TABLE IF EXISTS `lup_jacket`;
CREATE TABLE IF NOT EXISTS `lup_jacket` (
  `jacket` varchar(50) CHARACTER SET latin1 COLLATE latin1_swedish_ci NOT NULL,
  PRIMARY KEY (`jacket`) USING BTREE
) ENGINE=MyISAM DEFAULT CHARSET=latin1;

-- Dumping data for table dbaaaflight.lup_jacket: 4 rows
/*!40000 ALTER TABLE `lup_jacket` DISABLE KEYS */;
INSERT INTO `lup_jacket` (`jacket`) VALUES
	('FLOURES'),
	('LIGHT'),
	('UHF'),
	('VHF');
/*!40000 ALTER TABLE `lup_jacket` ENABLE KEYS */;

-- Dumping structure for table dbaaaflight.lup_level
DROP TABLE IF EXISTS `lup_level`;
CREATE TABLE IF NOT EXISTS `lup_level` (
  `level` varchar(5) CHARACTER SET latin1 COLLATE latin1_swedish_ci NOT NULL,
  PRIMARY KEY (`level`) USING BTREE
) ENGINE=MyISAM DEFAULT CHARSET=latin1;

-- Dumping data for table dbaaaflight.lup_level: 2 rows
/*!40000 ALTER TABLE `lup_level` DISABLE KEYS */;
INSERT INTO `lup_level` (`level`) VALUES
	('IFR'),
	('VFR');
/*!40000 ALTER TABLE `lup_level` ENABLE KEYS */;

-- Dumping structure for table dbaaaflight.lup_route
DROP TABLE IF EXISTS `lup_route`;
CREATE TABLE IF NOT EXISTS `lup_route` (
  `lup_route_id` int NOT NULL AUTO_INCREMENT,
  `route_code` varchar(10) CHARACTER SET latin1 COLLATE latin1_swedish_ci NOT NULL DEFAULT '0',
  `route` varchar(50) NOT NULL DEFAULT '0',
  PRIMARY KEY (`lup_route_id`)
) ENGINE=MyISAM AUTO_INCREMENT=44 DEFAULT CHARSET=latin1;

-- Dumping data for table dbaaaflight.lup_route: 42 rows
/*!40000 ALTER TABLE `lup_route` DISABLE KEYS */;
INSERT INTO `lup_route` (`lup_route_id`, `route_code`, `route`) VALUES
	(1, 'RPUI', 'IBA'),
	(2, 'RPLB', 'SUBIC'),
	(3, 'RPUX', 'PLARIDEL'),
	(4, 'RPLL', 'MANILA'),
	(5, 'RPLC', 'CLARK'),
	(6, 'RPUG', 'LINGAYEN'),
	(7, 'RPUS', 'LA UNION'),
	(8, 'RPUB', 'BAGUIO'),
	(9, 'RPUQ', 'VIGAN'),
	(10, 'RPLI', 'LAOAG'),
	(11, 'RPMR', 'GENERAL SANTOS'),
	(12, 'RPUM', 'MAMBURAO'),
	(13, 'RPMY', 'MALAYBAY'),
	(14, 'RPUR', 'BALER'),
	(15, 'RPVK', 'KALIBO'),
	(16, 'RPVM', 'LAPU-LAPU'),
	(17, 'RPUL', 'LIPA/FERNANDO'),
	(18, 'RPMQ', 'I.R. MARCOS'),
	(19, 'RPVG', 'GUIUAN'),
	(20, 'RPMG', 'DIPOLOG'),
	(21, 'RPVH', 'HILONGOS'),
	(22, 'RPMI', 'ILIGAN'),
	(23, 'RPUT', 'TUGUEGARAO'),
	(25, 'RPVE', 'BORACAY'),
	(26, 'RPUY', 'CAUANYAN'),
	(27, 'RPUK', 'CALAPAN'),
	(28, 'RPVR', 'ROXAS'),
	(29, 'RPVI', 'MASBATE'),
	(30, 'RPUW', 'MARINDUQUE'),
	(31, 'RPUN', 'NAGA'),
	(32, 'RPUH', 'SAN JOSE (MINDORO)'),
	(33, 'RPUZ', 'BAGABAG'),
	(34, 'RPMX', 'LILOY'),
	(35, 'RPSM', 'LUCENA'),
	(36, 'RPLT', 'ITBAYAT'),
	(37, 'RPLV', 'FORT MAGSAYSAY'),
	(38, 'RPVX', 'DOLORES'),
	(39, 'RPUF', 'FLORIDABLANCA AB'),
	(40, 'RPMV', 'IPIL'),
	(41, 'RPMJ', 'JOLO'),
	(42, 'RPLP', 'LEGASPI'),
	(43, 'RPUP', 'JOSE PANGANIBAN/PIM');
/*!40000 ALTER TABLE `lup_route` ENABLE KEYS */;

-- Dumping structure for table dbaaaflight.lup_survival_equipment
DROP TABLE IF EXISTS `lup_survival_equipment`;
CREATE TABLE IF NOT EXISTS `lup_survival_equipment` (
  `survival_equipment` varchar(50) CHARACTER SET latin1 COLLATE latin1_swedish_ci DEFAULT NULL
) ENGINE=MyISAM DEFAULT CHARSET=latin1;

-- Dumping data for table dbaaaflight.lup_survival_equipment: 5 rows
/*!40000 ALTER TABLE `lup_survival_equipment` DISABLE KEYS */;
INSERT INTO `lup_survival_equipment` (`survival_equipment`) VALUES
	('SURVIVAL'),
	('POLAR'),
	('DESERT'),
	('MARITIME'),
	('JUNGLE');
/*!40000 ALTER TABLE `lup_survival_equipment` ENABLE KEYS */;

-- Dumping structure for table dbaaaflight.lup_type_of_aircraft
DROP TABLE IF EXISTS `lup_type_of_aircraft`;
CREATE TABLE IF NOT EXISTS `lup_type_of_aircraft` (
  `type_of_aircraft` varchar(50) NOT NULL DEFAULT '0'
) ENGINE=MyISAM DEFAULT CHARSET=latin1;

-- Dumping data for table dbaaaflight.lup_type_of_aircraft: 3 rows
/*!40000 ALTER TABLE `lup_type_of_aircraft` DISABLE KEYS */;
INSERT INTO `lup_type_of_aircraft` (`type_of_aircraft`) VALUES
	('D152'),
	('D172'),
	('D1007T');
/*!40000 ALTER TABLE `lup_type_of_aircraft` ENABLE KEYS */;

-- Dumping structure for table dbaaaflight.lup_wake_turbulance
DROP TABLE IF EXISTS `lup_wake_turbulance`;
CREATE TABLE IF NOT EXISTS `lup_wake_turbulance` (
  `lup_wake_turbulance_id` int NOT NULL AUTO_INCREMENT,
  `code` char(1) NOT NULL DEFAULT '0',
  `description` varchar(20) NOT NULL DEFAULT '0',
  PRIMARY KEY (`lup_wake_turbulance_id`)
) ENGINE=MyISAM AUTO_INCREMENT=5 DEFAULT CHARSET=latin1;

-- Dumping data for table dbaaaflight.lup_wake_turbulance: 3 rows
/*!40000 ALTER TABLE `lup_wake_turbulance` DISABLE KEYS */;
INSERT INTO `lup_wake_turbulance` (`lup_wake_turbulance_id`, `code`, `description`) VALUES
	(1, 'L', 'LOW'),
	(2, 'M', 'MEDIUM'),
	(3, 'H', 'HIGH');
/*!40000 ALTER TABLE `lup_wake_turbulance` ENABLE KEYS */;

-- Dumping structure for table dbaaaflight.notif
DROP TABLE IF EXISTS `notif`;
CREATE TABLE IF NOT EXISTS `notif` (
  `notif_id` int NOT NULL AUTO_INCREMENT,
  `user_id` int DEFAULT '0',
  `flight_sched_id` int DEFAULT '0',
  `notification` varchar(200) CHARACTER SET latin1 COLLATE latin1_swedish_ci DEFAULT '0',
  `read` varchar(3) CHARACTER SET latin1 COLLATE latin1_swedish_ci DEFAULT 'no',
  `date_created` timestamp NULL DEFAULT CURRENT_TIMESTAMP,
  `date_modified` timestamp NULL DEFAULT CURRENT_TIMESTAMP ON UPDATE CURRENT_TIMESTAMP,
  PRIMARY KEY (`notif_id`)
) ENGINE=MyISAM AUTO_INCREMENT=7 DEFAULT CHARSET=latin1;

-- Dumping data for table dbaaaflight.notif: 0 rows
/*!40000 ALTER TABLE `notif` DISABLE KEYS */;
/*!40000 ALTER TABLE `notif` ENABLE KEYS */;

-- Dumping structure for table dbaaaflight.user
DROP TABLE IF EXISTS `user`;
CREATE TABLE IF NOT EXISTS `user` (
  `id` int unsigned NOT NULL AUTO_INCREMENT,
  `firstname` varchar(100) DEFAULT NULL,
  `middlename` varchar(100) DEFAULT NULL,
  `lastname` varchar(100) DEFAULT NULL,
  `extname` varchar(5) CHARACTER SET latin1 COLLATE latin1_swedish_ci DEFAULT NULL,
  `date_of_birth` date DEFAULT NULL,
  `age` tinyint DEFAULT NULL,
  `place_of_birth` varchar(100) CHARACTER SET latin1 COLLATE latin1_swedish_ci DEFAULT NULL,
  `nationality` varchar(50) CHARACTER SET latin1 COLLATE latin1_swedish_ci DEFAULT NULL,
  `gender` varchar(10) DEFAULT NULL,
  `contact_no` varchar(50) CHARACTER SET latin1 COLLATE latin1_swedish_ci DEFAULT NULL,
  `address` varchar(150) CHARACTER SET latin1 COLLATE latin1_swedish_ci DEFAULT NULL,
  `designation` varchar(50) CHARACTER SET latin1 COLLATE latin1_swedish_ci DEFAULT NULL,
  `blood_type` varchar(5) DEFAULT NULL,
  `contact_person` varchar(100) CHARACTER SET latin1 COLLATE latin1_swedish_ci DEFAULT NULL,
  `contact_person_no` varchar(30) CHARACTER SET latin1 COLLATE latin1_swedish_ci DEFAULT NULL,
  `username` varchar(50) CHARACTER SET latin1 COLLATE latin1_swedish_ci DEFAULT NULL,
  `fil` varchar(50) DEFAULT NULL,
  `cpl` varchar(50) DEFAULT NULL,
  `ntc` varchar(50) DEFAULT NULL,
  `medl` varchar(50) DEFAULT NULL,
  `elp` varchar(50) DEFAULT NULL,
  `mecl` varchar(50) DEFAULT NULL,
  `password` varchar(200) CHARACTER SET utf8mb3 COLLATE utf8mb3_bin DEFAULT NULL,
  `group` varchar(50) DEFAULT NULL,
  `status` varchar(50) DEFAULT 'active',
  `flight_status` varchar(100) CHARACTER SET latin1 COLLATE latin1_swedish_ci DEFAULT NULL,
  `date_created` timestamp NULL DEFAULT CURRENT_TIMESTAMP,
  `date_modified` timestamp NULL DEFAULT CURRENT_TIMESTAMP ON UPDATE CURRENT_TIMESTAMP,
  PRIMARY KEY (`id`)
) ENGINE=InnoDB AUTO_INCREMENT=20 DEFAULT CHARSET=latin1;

-- Dumping data for table dbaaaflight.user: ~1 rows (approximately)
INSERT INTO `user` (`id`, `firstname`, `middlename`, `lastname`, `extname`, `date_of_birth`, `age`, `place_of_birth`, `nationality`, `gender`, `contact_no`, `address`, `designation`, `blood_type`, `contact_person`, `contact_person_no`, `username`, `fil`, `cpl`, `ntc`, `medl`, `elp`, `mecl`, `password`, `group`, `status`, `flight_status`, `date_created`, `date_modified`) VALUES
	(5, 'Administrator', 'Administrator', 'Administrator', '', '1977-11-24', 44, 'Iba, Zambales', 'Filipino', 'male', '+63 1234 567', 'a', 'Administrator', 'O+', 'Admin Person', '047 8888 999', 'admin@admin.admin', '0000-00-00', '0000-00-00', '0000-00-00', '0000-00-00', '0000-00-00', '0000-00-00', 'nm8GLeuSypTEv/B2xpAakrbaG3Z+MLZBv50nGFX81lN4Ah8CmT7PtUrblMpCogx8nDCRyylS/zrXLqbPMKnTFZhflKL+bjz+EgzxkQ31ox8=', 'Administrator', 'active', '', '2023-03-21 13:24:09', '2023-04-22 16:13:07');

-- Dumping structure for table dbaaaflight.user_group
DROP TABLE IF EXISTS `user_group`;
CREATE TABLE IF NOT EXISTS `user_group` (
  `group` varchar(50) NOT NULL,
  PRIMARY KEY (`group`)
) ENGINE=InnoDB DEFAULT CHARSET=latin1;

-- Dumping data for table dbaaaflight.user_group: ~3 rows (approximately)
INSERT INTO `user_group` (`group`) VALUES
	('Administrator'),
	('Instructor'),
	('Mechanic'),
	('Student');

-- Dumping structure for table dbaaaflight.user_icon
DROP TABLE IF EXISTS `user_icon`;
CREATE TABLE IF NOT EXISTS `user_icon` (
  `icon` char(60) DEFAULT NULL,
  UNIQUE KEY `idx_name` (`icon`)
) ENGINE=InnoDB DEFAULT CHARSET=latin1;

-- Dumping data for table dbaaaflight.user_icon: ~5,176 rows (approximately)
INSERT INTO `user_icon` (`icon`) VALUES
	('bi bi-alarm'),
	('bi bi-alarm-fill'),
	('bi bi-align-bottom'),
	('bi bi-align-center'),
	('bi bi-align-end'),
	('bi bi-align-middle'),
	('bi bi-align-start'),
	('bi bi-align-top'),
	('bi bi-alt'),
	('bi bi-app'),
	('bi bi-app-indicator'),
	('bi bi-archive'),
	('bi bi-archive-fill'),
	('bi bi-arrow-90deg-down'),
	('bi bi-arrow-90deg-left'),
	('bi bi-arrow-90deg-right'),
	('bi bi-arrow-90deg-up'),
	('bi bi-arrow-bar-down'),
	('bi bi-arrow-bar-left'),
	('bi bi-arrow-bar-right'),
	('bi bi-arrow-bar-up'),
	('bi bi-arrow-clockwise'),
	('bi bi-arrow-counterclockwise'),
	('bi bi-arrow-down'),
	('bi bi-arrow-down-circle'),
	('bi bi-arrow-down-circle-fill'),
	('bi bi-arrow-down-left'),
	('bi bi-arrow-down-left-circle'),
	('bi bi-arrow-down-left-circle-fill'),
	('bi bi-arrow-down-left-square'),
	('bi bi-arrow-down-left-square-fill'),
	('bi bi-arrow-down-right'),
	('bi bi-arrow-down-right-circle'),
	('bi bi-arrow-down-right-circle-fill'),
	('bi bi-arrow-down-right-square'),
	('bi bi-arrow-down-right-square-fill'),
	('bi bi-arrow-down-short'),
	('bi bi-arrow-down-square'),
	('bi bi-arrow-down-square-fill'),
	('bi bi-arrow-down-up'),
	('bi bi-arrow-left'),
	('bi bi-arrow-left-circle'),
	('bi bi-arrow-left-circle-fill'),
	('bi bi-arrow-left-right'),
	('bi bi-arrow-left-short'),
	('bi bi-arrow-left-square'),
	('bi bi-arrow-left-square-fill'),
	('bi bi-arrow-repeat'),
	('bi bi-arrow-return-left'),
	('bi bi-arrow-return-right'),
	('bi bi-arrow-right'),
	('bi bi-arrow-right-circle'),
	('bi bi-arrow-right-circle-fill'),
	('bi bi-arrow-right-short'),
	('bi bi-arrow-right-square'),
	('bi bi-arrow-right-square-fill'),
	('bi bi-arrow-up'),
	('bi bi-arrow-up-circle'),
	('bi bi-arrow-up-circle-fill'),
	('bi bi-arrow-up-left'),
	('bi bi-arrow-up-left-circle'),
	('bi bi-arrow-up-left-circle-fill'),
	('bi bi-arrow-up-left-square'),
	('bi bi-arrow-up-left-square-fill'),
	('bi bi-arrow-up-right'),
	('bi bi-arrow-up-right-circle'),
	('bi bi-arrow-up-right-circle-fill'),
	('bi bi-arrow-up-right-square'),
	('bi bi-arrow-up-right-square-fill'),
	('bi bi-arrow-up-short'),
	('bi bi-arrow-up-square'),
	('bi bi-arrow-up-square-fill'),
	('bi bi-arrows-angle-contract'),
	('bi bi-arrows-angle-expand'),
	('bi bi-arrows-collapse'),
	('bi bi-arrows-expand'),
	('bi bi-arrows-fullscreen'),
	('bi bi-arrows-move'),
	('bi bi-aspect-ratio'),
	('bi bi-aspect-ratio-fill'),
	('bi bi-asterisk'),
	('bi bi-at'),
	('bi bi-award'),
	('bi bi-award-fill'),
	('bi bi-back'),
	('bi bi-backspace'),
	('bi bi-backspace-fill'),
	('bi bi-backspace-reverse'),
	('bi bi-backspace-reverse-fill'),
	('bi bi-badge-3d'),
	('bi bi-badge-3d-fill'),
	('bi bi-badge-4k'),
	('bi bi-badge-4k-fill'),
	('bi bi-badge-8k'),
	('bi bi-badge-8k-fill'),
	('bi bi-badge-ad'),
	('bi bi-badge-ad-fill'),
	('bi bi-badge-ar'),
	('bi bi-badge-ar-fill'),
	('bi bi-badge-cc'),
	('bi bi-badge-cc-fill'),
	('bi bi-badge-hd'),
	('bi bi-badge-hd-fill'),
	('bi bi-badge-tm'),
	('bi bi-badge-tm-fill'),
	('bi bi-badge-vo'),
	('bi bi-badge-vo-fill'),
	('bi bi-badge-vr'),
	('bi bi-badge-vr-fill'),
	('bi bi-badge-wc'),
	('bi bi-badge-wc-fill'),
	('bi bi-bag'),
	('bi bi-bag-check'),
	('bi bi-bag-check-fill'),
	('bi bi-bag-dash'),
	('bi bi-bag-dash-fill'),
	('bi bi-bag-fill'),
	('bi bi-bag-plus'),
	('bi bi-bag-plus-fill'),
	('bi bi-bag-x'),
	('bi bi-bag-x-fill'),
	('bi bi-bank'),
	('bi bi-bank2'),
	('bi bi-bar-chart'),
	('bi bi-bar-chart-fill'),
	('bi bi-bar-chart-line'),
	('bi bi-bar-chart-line-fill'),
	('bi bi-bar-chart-steps'),
	('bi bi-basket'),
	('bi bi-basket-fill'),
	('bi bi-basket2'),
	('bi bi-basket2-fill'),
	('bi bi-basket3'),
	('bi bi-basket3-fill'),
	('bi bi-battery'),
	('bi bi-battery-charging'),
	('bi bi-battery-full'),
	('bi bi-battery-half'),
	('bi bi-bell'),
	('bi bi-bell-fill'),
	('bi bi-bell-slash'),
	('bi bi-bell-slash-fill'),
	('bi bi-bezier'),
	('bi bi-bezier2'),
	('bi bi-bicycle'),
	('bi bi-binoculars'),
	('bi bi-binoculars-fill'),
	('bi bi-blockquote-left'),
	('bi bi-blockquote-right'),
	('bi bi-book'),
	('bi bi-book-fill'),
	('bi bi-book-half'),
	('bi bi-bookmark'),
	('bi bi-bookmark-check'),
	('bi bi-bookmark-check-fill'),
	('bi bi-bookmark-dash'),
	('bi bi-bookmark-dash-fill'),
	('bi bi-bookmark-fill'),
	('bi bi-bookmark-heart'),
	('bi bi-bookmark-heart-fill'),
	('bi bi-bookmark-plus'),
	('bi bi-bookmark-plus-fill'),
	('bi bi-bookmark-star'),
	('bi bi-bookmark-star-fill'),
	('bi bi-bookmark-x'),
	('bi bi-bookmark-x-fill'),
	('bi bi-bookmarks'),
	('bi bi-bookmarks-fill'),
	('bi bi-bookshelf'),
	('bi bi-bootstrap'),
	('bi bi-bootstrap-fill'),
	('bi bi-bootstrap-reboot'),
	('bi bi-border'),
	('bi bi-border-all'),
	('bi bi-border-bottom'),
	('bi bi-border-center'),
	('bi bi-border-inner'),
	('bi bi-border-left'),
	('bi bi-border-middle'),
	('bi bi-border-outer'),
	('bi bi-border-right'),
	('bi bi-border-style'),
	('bi bi-border-top'),
	('bi bi-border-width'),
	('bi bi-bounding-box'),
	('bi bi-bounding-box-circles'),
	('bi bi-box'),
	('bi bi-box-arrow-down'),
	('bi bi-box-arrow-down-left'),
	('bi bi-box-arrow-down-right'),
	('bi bi-box-arrow-in-down'),
	('bi bi-box-arrow-in-down-left'),
	('bi bi-box-arrow-in-down-right'),
	('bi bi-box-arrow-in-left'),
	('bi bi-box-arrow-in-right'),
	('bi bi-box-arrow-in-up'),
	('bi bi-box-arrow-in-up-left'),
	('bi bi-box-arrow-in-up-right'),
	('bi bi-box-arrow-left'),
	('bi bi-box-arrow-right'),
	('bi bi-box-arrow-up'),
	('bi bi-box-arrow-up-left'),
	('bi bi-box-arrow-up-right'),
	('bi bi-box-seam'),
	('bi bi-braces'),
	('bi bi-bricks'),
	('bi bi-briefcase'),
	('bi bi-briefcase-fill'),
	('bi bi-brightness-alt-high'),
	('bi bi-brightness-alt-high-fill'),
	('bi bi-brightness-alt-low'),
	('bi bi-brightness-alt-low-fill'),
	('bi bi-brightness-high'),
	('bi bi-brightness-high-fill'),
	('bi bi-brightness-low'),
	('bi bi-brightness-low-fill'),
	('bi bi-broadcast'),
	('bi bi-broadcast-pin'),
	('bi bi-brush'),
	('bi bi-brush-fill'),
	('bi bi-bucket'),
	('bi bi-bucket-fill'),
	('bi bi-bug'),
	('bi bi-bug-fill'),
	('bi bi-building'),
	('bi bi-bullseye'),
	('bi bi-calculator'),
	('bi bi-calculator-fill'),
	('bi bi-calendar'),
	('bi bi-calendar-check'),
	('bi bi-calendar-check-fill'),
	('bi bi-calendar-date'),
	('bi bi-calendar-date-fill'),
	('bi bi-calendar-day'),
	('bi bi-calendar-day-fill'),
	('bi bi-calendar-event'),
	('bi bi-calendar-event-fill'),
	('bi bi-calendar-fill'),
	('bi bi-calendar-minus'),
	('bi bi-calendar-minus-fill'),
	('bi bi-calendar-month'),
	('bi bi-calendar-month-fill'),
	('bi bi-calendar-plus'),
	('bi bi-calendar-plus-fill'),
	('bi bi-calendar-range'),
	('bi bi-calendar-range-fill'),
	('bi bi-calendar-week'),
	('bi bi-calendar-week-fill'),
	('bi bi-calendar-x'),
	('bi bi-calendar-x-fill'),
	('bi bi-calendar2'),
	('bi bi-calendar2-check'),
	('bi bi-calendar2-check-fill'),
	('bi bi-calendar2-date'),
	('bi bi-calendar2-date-fill'),
	('bi bi-calendar2-day'),
	('bi bi-calendar2-day-fill'),
	('bi bi-calendar2-event'),
	('bi bi-calendar2-event-fill'),
	('bi bi-calendar2-fill'),
	('bi bi-calendar2-minus'),
	('bi bi-calendar2-minus-fill'),
	('bi bi-calendar2-month'),
	('bi bi-calendar2-month-fill'),
	('bi bi-calendar2-plus'),
	('bi bi-calendar2-plus-fill'),
	('bi bi-calendar2-range'),
	('bi bi-calendar2-range-fill'),
	('bi bi-calendar2-week'),
	('bi bi-calendar2-week-fill'),
	('bi bi-calendar2-x'),
	('bi bi-calendar2-x-fill'),
	('bi bi-calendar3'),
	('bi bi-calendar3-event'),
	('bi bi-calendar3-event-fill'),
	('bi bi-calendar3-fill'),
	('bi bi-calendar3-range'),
	('bi bi-calendar3-range-fill'),
	('bi bi-calendar3-week'),
	('bi bi-calendar3-week-fill'),
	('bi bi-calendar4'),
	('bi bi-calendar4-event'),
	('bi bi-calendar4-range'),
	('bi bi-calendar4-week'),
	('bi bi-camera'),
	('bi bi-camera-fill'),
	('bi bi-camera-reels'),
	('bi bi-camera-reels-fill'),
	('bi bi-camera-video'),
	('bi bi-camera-video-fill'),
	('bi bi-camera-video-off'),
	('bi bi-camera-video-off-fill'),
	('bi bi-camera2'),
	('bi bi-capslock'),
	('bi bi-capslock-fill'),
	('bi bi-card-checklist'),
	('bi bi-card-heading'),
	('bi bi-card-image'),
	('bi bi-card-list'),
	('bi bi-card-text'),
	('bi bi-caret-down'),
	('bi bi-caret-down-fill'),
	('bi bi-caret-down-square'),
	('bi bi-caret-down-square-fill'),
	('bi bi-caret-left'),
	('bi bi-caret-left-fill'),
	('bi bi-caret-left-square'),
	('bi bi-caret-left-square-fill'),
	('bi bi-caret-right'),
	('bi bi-caret-right-fill'),
	('bi bi-caret-right-square'),
	('bi bi-caret-right-square-fill'),
	('bi bi-caret-up'),
	('bi bi-caret-up-fill'),
	('bi bi-caret-up-square'),
	('bi bi-caret-up-square-fill'),
	('bi bi-cart'),
	('bi bi-cart-check'),
	('bi bi-cart-check-fill'),
	('bi bi-cart-dash'),
	('bi bi-cart-dash-fill'),
	('bi bi-cart-fill'),
	('bi bi-cart-plus'),
	('bi bi-cart-plus-fill'),
	('bi bi-cart-x'),
	('bi bi-cart-x-fill'),
	('bi bi-cart2'),
	('bi bi-cart3'),
	('bi bi-cart4'),
	('bi bi-cash'),
	('bi bi-cash-coin'),
	('bi bi-cash-stack'),
	('bi bi-cast'),
	('bi bi-chat'),
	('bi bi-chat-dots'),
	('bi bi-chat-dots-fill'),
	('bi bi-chat-fill'),
	('bi bi-chat-left'),
	('bi bi-chat-left-dots'),
	('bi bi-chat-left-dots-fill'),
	('bi bi-chat-left-fill'),
	('bi bi-chat-left-quote'),
	('bi bi-chat-left-quote-fill'),
	('bi bi-chat-left-text'),
	('bi bi-chat-left-text-fill'),
	('bi bi-chat-quote'),
	('bi bi-chat-quote-fill'),
	('bi bi-chat-right'),
	('bi bi-chat-right-dots'),
	('bi bi-chat-right-dots-fill'),
	('bi bi-chat-right-fill'),
	('bi bi-chat-right-quote'),
	('bi bi-chat-right-quote-fill'),
	('bi bi-chat-right-text'),
	('bi bi-chat-right-text-fill'),
	('bi bi-chat-square'),
	('bi bi-chat-square-dots'),
	('bi bi-chat-square-dots-fill'),
	('bi bi-chat-square-fill'),
	('bi bi-chat-square-quote'),
	('bi bi-chat-square-quote-fill'),
	('bi bi-chat-square-text'),
	('bi bi-chat-square-text-fill'),
	('bi bi-chat-text'),
	('bi bi-chat-text-fill'),
	('bi bi-check'),
	('bi bi-check-all'),
	('bi bi-check-circle'),
	('bi bi-check-circle-fill'),
	('bi bi-check-lg'),
	('bi bi-check-square'),
	('bi bi-check-square-fill'),
	('bi bi-check2'),
	('bi bi-check2-all'),
	('bi bi-check2-circle'),
	('bi bi-check2-square'),
	('bi bi-chevron-bar-contract'),
	('bi bi-chevron-bar-down'),
	('bi bi-chevron-bar-expand'),
	('bi bi-chevron-bar-left'),
	('bi bi-chevron-bar-right'),
	('bi bi-chevron-bar-up'),
	('bi bi-chevron-compact-down'),
	('bi bi-chevron-compact-left'),
	('bi bi-chevron-compact-right'),
	('bi bi-chevron-compact-up'),
	('bi bi-chevron-contract'),
	('bi bi-chevron-double-down'),
	('bi bi-chevron-double-left'),
	('bi bi-chevron-double-right'),
	('bi bi-chevron-double-up'),
	('bi bi-chevron-down'),
	('bi bi-chevron-expand'),
	('bi bi-chevron-left'),
	('bi bi-chevron-right'),
	('bi bi-chevron-up'),
	('bi bi-circle'),
	('bi bi-circle-fill'),
	('bi bi-circle-half'),
	('bi bi-circle-square'),
	('bi bi-clipboard'),
	('bi bi-clipboard-check'),
	('bi bi-clipboard-data'),
	('bi bi-clipboard-minus'),
	('bi bi-clipboard-plus'),
	('bi bi-clipboard-x'),
	('bi bi-clock'),
	('bi bi-clock-fill'),
	('bi bi-clock-history'),
	('bi bi-cloud'),
	('bi bi-cloud-arrow-down'),
	('bi bi-cloud-arrow-down-fill'),
	('bi bi-cloud-arrow-up'),
	('bi bi-cloud-arrow-up-fill'),
	('bi bi-cloud-check'),
	('bi bi-cloud-check-fill'),
	('bi bi-cloud-download'),
	('bi bi-cloud-download-fill'),
	('bi bi-cloud-drizzle'),
	('bi bi-cloud-drizzle-fill'),
	('bi bi-cloud-fill'),
	('bi bi-cloud-fog'),
	('bi bi-cloud-fog-fill'),
	('bi bi-cloud-fog2'),
	('bi bi-cloud-fog2-fill'),
	('bi bi-cloud-hail'),
	('bi bi-cloud-hail-fill'),
	('bi bi-cloud-haze'),
	('bi bi-cloud-haze-1'),
	('bi bi-cloud-haze-fill'),
	('bi bi-cloud-haze2-fill'),
	('bi bi-cloud-lightning'),
	('bi bi-cloud-lightning-fill'),
	('bi bi-cloud-lightning-rain'),
	('bi bi-cloud-lightning-rain-fill'),
	('bi bi-cloud-minus'),
	('bi bi-cloud-minus-fill'),
	('bi bi-cloud-moon'),
	('bi bi-cloud-moon-fill'),
	('bi bi-cloud-plus'),
	('bi bi-cloud-plus-fill'),
	('bi bi-cloud-rain'),
	('bi bi-cloud-rain-fill'),
	('bi bi-cloud-rain-heavy'),
	('bi bi-cloud-rain-heavy-fill'),
	('bi bi-cloud-slash'),
	('bi bi-cloud-slash-fill'),
	('bi bi-cloud-sleet'),
	('bi bi-cloud-sleet-fill'),
	('bi bi-cloud-snow'),
	('bi bi-cloud-snow-fill'),
	('bi bi-cloud-sun'),
	('bi bi-cloud-sun-fill'),
	('bi bi-cloud-upload'),
	('bi bi-cloud-upload-fill'),
	('bi bi-clouds'),
	('bi bi-clouds-fill'),
	('bi bi-cloudy'),
	('bi bi-cloudy-fill'),
	('bi bi-code'),
	('bi bi-code-slash'),
	('bi bi-code-square'),
	('bi bi-coin'),
	('bi bi-collection'),
	('bi bi-collection-fill'),
	('bi bi-collection-play'),
	('bi bi-collection-play-fill'),
	('bi bi-columns'),
	('bi bi-columns-gap'),
	('bi bi-command'),
	('bi bi-compass'),
	('bi bi-compass-fill'),
	('bi bi-cone'),
	('bi bi-cone-striped'),
	('bi bi-controller'),
	('bi bi-cpu'),
	('bi bi-cpu-fill'),
	('bi bi-credit-card'),
	('bi bi-credit-card-2-back'),
	('bi bi-credit-card-2-back-fill'),
	('bi bi-credit-card-2-front'),
	('bi bi-credit-card-2-front-fill'),
	('bi bi-credit-card-fill'),
	('bi bi-crop'),
	('bi bi-cup'),
	('bi bi-cup-fill'),
	('bi bi-cup-straw'),
	('bi bi-currency-bitcoin'),
	('bi bi-currency-dollar'),
	('bi bi-currency-euro'),
	('bi bi-currency-exchange'),
	('bi bi-currency-pound'),
	('bi bi-currency-yen'),
	('bi bi-cursor'),
	('bi bi-cursor-fill'),
	('bi bi-cursor-text'),
	('bi bi-dash'),
	('bi bi-dash-circle'),
	('bi bi-dash-circle-dotted'),
	('bi bi-dash-circle-fill'),
	('bi bi-dash-lg'),
	('bi bi-dash-square'),
	('bi bi-dash-square-dotted'),
	('bi bi-dash-square-fill'),
	('bi bi-diagram-2'),
	('bi bi-diagram-2-fill'),
	('bi bi-diagram-3'),
	('bi bi-diagram-3-fill'),
	('bi bi-diamond'),
	('bi bi-diamond-fill'),
	('bi bi-diamond-half'),
	('bi bi-dice-1'),
	('bi bi-dice-1-fill'),
	('bi bi-dice-2'),
	('bi bi-dice-2-fill'),
	('bi bi-dice-3'),
	('bi bi-dice-3-fill'),
	('bi bi-dice-4'),
	('bi bi-dice-4-fill'),
	('bi bi-dice-5'),
	('bi bi-dice-5-fill'),
	('bi bi-dice-6'),
	('bi bi-dice-6-fill'),
	('bi bi-disc'),
	('bi bi-disc-fill'),
	('bi bi-discord'),
	('bi bi-display'),
	('bi bi-display-fill'),
	('bi bi-distribute-horizontal'),
	('bi bi-distribute-vertical'),
	('bi bi-door-closed'),
	('bi bi-door-closed-fill'),
	('bi bi-door-open'),
	('bi bi-door-open-fill'),
	('bi bi-dot'),
	('bi bi-download'),
	('bi bi-droplet'),
	('bi bi-droplet-fill'),
	('bi bi-droplet-half'),
	('bi bi-earbuds'),
	('bi bi-easel'),
	('bi bi-easel-fill'),
	('bi bi-egg'),
	('bi bi-egg-fill'),
	('bi bi-egg-fried'),
	('bi bi-eject'),
	('bi bi-eject-fill'),
	('bi bi-emoji-angry'),
	('bi bi-emoji-angry-fill'),
	('bi bi-emoji-dizzy'),
	('bi bi-emoji-dizzy-fill'),
	('bi bi-emoji-expressionless'),
	('bi bi-emoji-expressionless-fill'),
	('bi bi-emoji-frown'),
	('bi bi-emoji-frown-fill'),
	('bi bi-emoji-heart-eyes'),
	('bi bi-emoji-heart-eyes-fill'),
	('bi bi-emoji-laughing'),
	('bi bi-emoji-laughing-fill'),
	('bi bi-emoji-neutral'),
	('bi bi-emoji-neutral-fill'),
	('bi bi-emoji-smile'),
	('bi bi-emoji-smile-fill'),
	('bi bi-emoji-smile-upside-down'),
	('bi bi-emoji-smile-upside-down-fill'),
	('bi bi-emoji-sunglasses'),
	('bi bi-emoji-sunglasses-fill'),
	('bi bi-emoji-wink'),
	('bi bi-emoji-wink-fill'),
	('bi bi-envelope'),
	('bi bi-envelope-fill'),
	('bi bi-envelope-open'),
	('bi bi-envelope-open-fill'),
	('bi bi-eraser'),
	('bi bi-eraser-fill'),
	('bi bi-exclamation'),
	('bi bi-exclamation-circle'),
	('bi bi-exclamation-circle-fill'),
	('bi bi-exclamation-diamond'),
	('bi bi-exclamation-diamond-fill'),
	('bi bi-exclamation-lg'),
	('bi bi-exclamation-octagon'),
	('bi bi-exclamation-octagon-fill'),
	('bi bi-exclamation-square'),
	('bi bi-exclamation-square-fill'),
	('bi bi-exclamation-triangle'),
	('bi bi-exclamation-triangle-fill'),
	('bi bi-exclude'),
	('bi bi-eye'),
	('bi bi-eye-fill'),
	('bi bi-eye-slash'),
	('bi bi-eye-slash-fill'),
	('bi bi-eyedropper'),
	('bi bi-eyeglasses'),
	('bi bi-facebook'),
	('bi bi-file'),
	('bi bi-file-arrow-down'),
	('bi bi-file-arrow-down-fill'),
	('bi bi-file-arrow-up'),
	('bi bi-file-arrow-up-fill'),
	('bi bi-file-bar-graph'),
	('bi bi-file-bar-graph-fill'),
	('bi bi-file-binary'),
	('bi bi-file-binary-fill'),
	('bi bi-file-break'),
	('bi bi-file-break-fill'),
	('bi bi-file-check'),
	('bi bi-file-check-fill'),
	('bi bi-file-code'),
	('bi bi-file-code-fill'),
	('bi bi-file-diff'),
	('bi bi-file-diff-fill'),
	('bi bi-file-earmark'),
	('bi bi-file-earmark-arrow-down'),
	('bi bi-file-earmark-arrow-down-fill'),
	('bi bi-file-earmark-arrow-up'),
	('bi bi-file-earmark-arrow-up-fill'),
	('bi bi-file-earmark-bar-graph'),
	('bi bi-file-earmark-bar-graph-fill'),
	('bi bi-file-earmark-binary'),
	('bi bi-file-earmark-binary-fill'),
	('bi bi-file-earmark-break'),
	('bi bi-file-earmark-break-fill'),
	('bi bi-file-earmark-check'),
	('bi bi-file-earmark-check-fill'),
	('bi bi-file-earmark-code'),
	('bi bi-file-earmark-code-fill'),
	('bi bi-file-earmark-diff'),
	('bi bi-file-earmark-diff-fill'),
	('bi bi-file-earmark-easel'),
	('bi bi-file-earmark-easel-fill'),
	('bi bi-file-earmark-excel'),
	('bi bi-file-earmark-excel-fill'),
	('bi bi-file-earmark-fill'),
	('bi bi-file-earmark-font'),
	('bi bi-file-earmark-font-fill'),
	('bi bi-file-earmark-image'),
	('bi bi-file-earmark-image-fill'),
	('bi bi-file-earmark-lock'),
	('bi bi-file-earmark-lock-fill'),
	('bi bi-file-earmark-lock2'),
	('bi bi-file-earmark-lock2-fill'),
	('bi bi-file-earmark-medical'),
	('bi bi-file-earmark-medical-fill'),
	('bi bi-file-earmark-minus'),
	('bi bi-file-earmark-minus-fill'),
	('bi bi-file-earmark-music'),
	('bi bi-file-earmark-music-fill'),
	('bi bi-file-earmark-pdf'),
	('bi bi-file-earmark-pdf-fill'),
	('bi bi-file-earmark-person'),
	('bi bi-file-earmark-person-fill'),
	('bi bi-file-earmark-play'),
	('bi bi-file-earmark-play-fill'),
	('bi bi-file-earmark-plus'),
	('bi bi-file-earmark-plus-fill'),
	('bi bi-file-earmark-post'),
	('bi bi-file-earmark-post-fill'),
	('bi bi-file-earmark-ppt'),
	('bi bi-file-earmark-ppt-fill'),
	('bi bi-file-earmark-richtext'),
	('bi bi-file-earmark-richtext-fill'),
	('bi bi-file-earmark-ruled'),
	('bi bi-file-earmark-ruled-fill'),
	('bi bi-file-earmark-slides'),
	('bi bi-file-earmark-slides-fill'),
	('bi bi-file-earmark-spreadsheet'),
	('bi bi-file-earmark-spreadsheet-fill'),
	('bi bi-file-earmark-text'),
	('bi bi-file-earmark-text-fill'),
	('bi bi-file-earmark-word'),
	('bi bi-file-earmark-word-fill'),
	('bi bi-file-earmark-x'),
	('bi bi-file-earmark-x-fill'),
	('bi bi-file-earmark-zip'),
	('bi bi-file-earmark-zip-fill'),
	('bi bi-file-easel'),
	('bi bi-file-easel-fill'),
	('bi bi-file-excel'),
	('bi bi-file-excel-fill'),
	('bi bi-file-fill'),
	('bi bi-file-font'),
	('bi bi-file-font-fill'),
	('bi bi-file-image'),
	('bi bi-file-image-fill'),
	('bi bi-file-lock'),
	('bi bi-file-lock-fill'),
	('bi bi-file-lock2'),
	('bi bi-file-lock2-fill'),
	('bi bi-file-medical'),
	('bi bi-file-medical-fill'),
	('bi bi-file-minus'),
	('bi bi-file-minus-fill'),
	('bi bi-file-music'),
	('bi bi-file-music-fill'),
	('bi bi-file-pdf'),
	('bi bi-file-pdf-fill'),
	('bi bi-file-person'),
	('bi bi-file-person-fill'),
	('bi bi-file-play'),
	('bi bi-file-play-fill'),
	('bi bi-file-plus'),
	('bi bi-file-plus-fill'),
	('bi bi-file-post'),
	('bi bi-file-post-fill'),
	('bi bi-file-ppt'),
	('bi bi-file-ppt-fill'),
	('bi bi-file-richtext'),
	('bi bi-file-richtext-fill'),
	('bi bi-file-ruled'),
	('bi bi-file-ruled-fill'),
	('bi bi-file-slides'),
	('bi bi-file-slides-fill'),
	('bi bi-file-spreadsheet'),
	('bi bi-file-spreadsheet-fill'),
	('bi bi-file-text'),
	('bi bi-file-text-fill'),
	('bi bi-file-word'),
	('bi bi-file-word-fill'),
	('bi bi-file-x'),
	('bi bi-file-x-fill'),
	('bi bi-file-zip'),
	('bi bi-file-zip-fill'),
	('bi bi-files'),
	('bi bi-files-alt'),
	('bi bi-film'),
	('bi bi-filter'),
	('bi bi-filter-circle'),
	('bi bi-filter-circle-fill'),
	('bi bi-filter-left'),
	('bi bi-filter-right'),
	('bi bi-filter-square'),
	('bi bi-filter-square-fill'),
	('bi bi-flag'),
	('bi bi-flag-fill'),
	('bi bi-flower1'),
	('bi bi-flower2'),
	('bi bi-flower3'),
	('bi bi-folder'),
	('bi bi-folder-check'),
	('bi bi-folder-fill'),
	('bi bi-folder-minus'),
	('bi bi-folder-plus'),
	('bi bi-folder-symlink'),
	('bi bi-folder-symlink-fill'),
	('bi bi-folder-x'),
	('bi bi-folder2'),
	('bi bi-folder2-open'),
	('bi bi-fonts'),
	('bi bi-forward'),
	('bi bi-forward-fill'),
	('bi bi-front'),
	('bi bi-fullscreen'),
	('bi bi-fullscreen-exit'),
	('bi bi-funnel'),
	('bi bi-funnel-fill'),
	('bi bi-gear'),
	('bi bi-gear-fill'),
	('bi bi-gear-wide'),
	('bi bi-gear-wide-connected'),
	('bi bi-gem'),
	('bi bi-gender-ambiguous'),
	('bi bi-gender-female'),
	('bi bi-gender-male'),
	('bi bi-gender-trans'),
	('bi bi-geo'),
	('bi bi-geo-alt'),
	('bi bi-geo-alt-fill'),
	('bi bi-geo-fill'),
	('bi bi-gift'),
	('bi bi-gift-fill'),
	('bi bi-github'),
	('bi bi-globe'),
	('bi bi-globe2'),
	('bi bi-google'),
	('bi bi-graph-down'),
	('bi bi-graph-up'),
	('bi bi-grid'),
	('bi bi-grid-1x2'),
	('bi bi-grid-1x2-fill'),
	('bi bi-grid-3x2'),
	('bi bi-grid-3x2-gap'),
	('bi bi-grid-3x2-gap-fill'),
	('bi bi-grid-3x3'),
	('bi bi-grid-3x3-gap'),
	('bi bi-grid-3x3-gap-fill'),
	('bi bi-grid-fill'),
	('bi bi-grip-horizontal'),
	('bi bi-grip-vertical'),
	('bi bi-hammer'),
	('bi bi-hand-index'),
	('bi bi-hand-index-fill'),
	('bi bi-hand-index-thumb'),
	('bi bi-hand-index-thumb-fill'),
	('bi bi-hand-thumbs-down'),
	('bi bi-hand-thumbs-down-fill'),
	('bi bi-hand-thumbs-up'),
	('bi bi-hand-thumbs-up-fill'),
	('bi bi-handbag'),
	('bi bi-handbag-fill'),
	('bi bi-hash'),
	('bi bi-hdd'),
	('bi bi-hdd-fill'),
	('bi bi-hdd-network'),
	('bi bi-hdd-network-fill'),
	('bi bi-hdd-rack'),
	('bi bi-hdd-rack-fill'),
	('bi bi-hdd-stack'),
	('bi bi-hdd-stack-fill'),
	('bi bi-headphones'),
	('bi bi-headset'),
	('bi bi-headset-vr'),
	('bi bi-heart'),
	('bi bi-heart-fill'),
	('bi bi-heart-half'),
	('bi bi-heptagon'),
	('bi bi-heptagon-fill'),
	('bi bi-heptagon-half'),
	('bi bi-hexagon'),
	('bi bi-hexagon-fill'),
	('bi bi-hexagon-half'),
	('bi bi-hourglass'),
	('bi bi-hourglass-bottom'),
	('bi bi-hourglass-split'),
	('bi bi-hourglass-top'),
	('bi bi-house'),
	('bi bi-house-door'),
	('bi bi-house-door-fill'),
	('bi bi-house-fill'),
	('bi bi-hr'),
	('bi bi-hurricane'),
	('bi bi-image'),
	('bi bi-image-alt'),
	('bi bi-image-fill'),
	('bi bi-images'),
	('bi bi-inbox'),
	('bi bi-inbox-fill'),
	('bi bi-inboxes'),
	('bi bi-inboxes-fill'),
	('bi bi-info'),
	('bi bi-info-circle'),
	('bi bi-info-circle-fill'),
	('bi bi-info-lg'),
	('bi bi-info-square'),
	('bi bi-info-square-fill'),
	('bi bi-input-cursor'),
	('bi bi-input-cursor-text'),
	('bi bi-instagram'),
	('bi bi-intersect'),
	('bi bi-journal'),
	('bi bi-journal-album'),
	('bi bi-journal-arrow-down'),
	('bi bi-journal-arrow-up'),
	('bi bi-journal-bookmark'),
	('bi bi-journal-bookmark-fill'),
	('bi bi-journal-check'),
	('bi bi-journal-code'),
	('bi bi-journal-medical'),
	('bi bi-journal-minus'),
	('bi bi-journal-plus'),
	('bi bi-journal-richtext'),
	('bi bi-journal-text'),
	('bi bi-journal-x'),
	('bi bi-journals'),
	('bi bi-joystick'),
	('bi bi-justify'),
	('bi bi-justify-left'),
	('bi bi-justify-right'),
	('bi bi-kanban'),
	('bi bi-kanban-fill'),
	('bi bi-key'),
	('bi bi-key-fill'),
	('bi bi-keyboard'),
	('bi bi-keyboard-fill'),
	('bi bi-ladder'),
	('bi bi-lamp'),
	('bi bi-lamp-fill'),
	('bi bi-laptop'),
	('bi bi-laptop-fill'),
	('bi bi-layer-backward'),
	('bi bi-layer-forward'),
	('bi bi-layers'),
	('bi bi-layers-fill'),
	('bi bi-layers-half'),
	('bi bi-layout-sidebar'),
	('bi bi-layout-sidebar-inset'),
	('bi bi-layout-sidebar-inset-reverse'),
	('bi bi-layout-sidebar-reverse'),
	('bi bi-layout-split'),
	('bi bi-layout-text-sidebar'),
	('bi bi-layout-text-sidebar-reverse'),
	('bi bi-layout-text-window'),
	('bi bi-layout-text-window-reverse'),
	('bi bi-layout-three-columns'),
	('bi bi-layout-wtf'),
	('bi bi-life-preserver'),
	('bi bi-lightbulb'),
	('bi bi-lightbulb-fill'),
	('bi bi-lightbulb-off'),
	('bi bi-lightbulb-off-fill'),
	('bi bi-lightning'),
	('bi bi-lightning-charge'),
	('bi bi-lightning-charge-fill'),
	('bi bi-lightning-fill'),
	('bi bi-link'),
	('bi bi-link-45deg'),
	('bi bi-linkedin'),
	('bi bi-list'),
	('bi bi-list-check'),
	('bi bi-list-nested'),
	('bi bi-list-ol'),
	('bi bi-list-stars'),
	('bi bi-list-task'),
	('bi bi-list-ul'),
	('bi bi-lock'),
	('bi bi-lock-fill'),
	('bi bi-mailbox'),
	('bi bi-mailbox2'),
	('bi bi-map'),
	('bi bi-map-fill'),
	('bi bi-markdown'),
	('bi bi-markdown-fill'),
	('bi bi-mask'),
	('bi bi-mastodon'),
	('bi bi-megaphone'),
	('bi bi-megaphone-fill'),
	('bi bi-menu-app'),
	('bi bi-menu-app-fill'),
	('bi bi-menu-button'),
	('bi bi-menu-button-fill'),
	('bi bi-menu-button-wide'),
	('bi bi-menu-button-wide-fill'),
	('bi bi-menu-down'),
	('bi bi-menu-up'),
	('bi bi-messenger'),
	('bi bi-mic'),
	('bi bi-mic-fill'),
	('bi bi-mic-mute'),
	('bi bi-mic-mute-fill'),
	('bi bi-minecart'),
	('bi bi-minecart-loaded'),
	('bi bi-moisture'),
	('bi bi-moon'),
	('bi bi-moon-fill'),
	('bi bi-moon-stars'),
	('bi bi-moon-stars-fill'),
	('bi bi-mouse'),
	('bi bi-mouse-fill'),
	('bi bi-mouse2'),
	('bi bi-mouse2-fill'),
	('bi bi-mouse3'),
	('bi bi-mouse3-fill'),
	('bi bi-music-note'),
	('bi bi-music-note-beamed'),
	('bi bi-music-note-list'),
	('bi bi-music-player'),
	('bi bi-music-player-fill'),
	('bi bi-newspaper'),
	('bi bi-node-minus'),
	('bi bi-node-minus-fill'),
	('bi bi-node-plus'),
	('bi bi-node-plus-fill'),
	('bi bi-nut'),
	('bi bi-nut-fill'),
	('bi bi-octagon'),
	('bi bi-octagon-fill'),
	('bi bi-octagon-half'),
	('bi bi-option'),
	('bi bi-outlet'),
	('bi bi-paint-bucket'),
	('bi bi-palette'),
	('bi bi-palette-fill'),
	('bi bi-palette2'),
	('bi bi-paperclip'),
	('bi bi-paragraph'),
	('bi bi-patch-check'),
	('bi bi-patch-check-fill'),
	('bi bi-patch-exclamation'),
	('bi bi-patch-exclamation-fill'),
	('bi bi-patch-minus'),
	('bi bi-patch-minus-fill'),
	('bi bi-patch-plus'),
	('bi bi-patch-plus-fill'),
	('bi bi-patch-question'),
	('bi bi-patch-question-fill'),
	('bi bi-pause'),
	('bi bi-pause-btn'),
	('bi bi-pause-btn-fill'),
	('bi bi-pause-circle'),
	('bi bi-pause-circle-fill'),
	('bi bi-pause-fill'),
	('bi bi-peace'),
	('bi bi-peace-fill'),
	('bi bi-pen'),
	('bi bi-pen-fill'),
	('bi bi-pencil'),
	('bi bi-pencil-fill'),
	('bi bi-pencil-square'),
	('bi bi-pentagon'),
	('bi bi-pentagon-fill'),
	('bi bi-pentagon-half'),
	('bi bi-people'),
	('bi bi-people-fill'),
	('bi bi-percent'),
	('bi bi-person'),
	('bi bi-person-badge'),
	('bi bi-person-badge-fill'),
	('bi bi-person-bounding-box'),
	('bi bi-person-check'),
	('bi bi-person-check-fill'),
	('bi bi-person-circle'),
	('bi bi-person-dash'),
	('bi bi-person-dash-fill'),
	('bi bi-person-fill'),
	('bi bi-person-lines-fill'),
	('bi bi-person-plus'),
	('bi bi-person-plus-fill'),
	('bi bi-person-square'),
	('bi bi-person-x'),
	('bi bi-person-x-fill'),
	('bi bi-phone'),
	('bi bi-phone-fill'),
	('bi bi-phone-landscape'),
	('bi bi-phone-landscape-fill'),
	('bi bi-phone-vibrate'),
	('bi bi-phone-vibrate-fill'),
	('bi bi-pie-chart'),
	('bi bi-pie-chart-fill'),
	('bi bi-piggy-bank'),
	('bi bi-piggy-bank-fill'),
	('bi bi-pin'),
	('bi bi-pin-angle'),
	('bi bi-pin-angle-fill'),
	('bi bi-pin-fill'),
	('bi bi-pin-map'),
	('bi bi-pin-map-fill'),
	('bi bi-pip'),
	('bi bi-pip-fill'),
	('bi bi-play'),
	('bi bi-play-btn'),
	('bi bi-play-btn-fill'),
	('bi bi-play-circle'),
	('bi bi-play-circle-fill'),
	('bi bi-play-fill'),
	('bi bi-plug'),
	('bi bi-plug-fill'),
	('bi bi-plus'),
	('bi bi-plus-circle'),
	('bi bi-plus-circle-dotted'),
	('bi bi-plus-circle-fill'),
	('bi bi-plus-lg'),
	('bi bi-plus-square'),
	('bi bi-plus-square-dotted'),
	('bi bi-plus-square-fill'),
	('bi bi-power'),
	('bi bi-printer'),
	('bi bi-printer-fill'),
	('bi bi-puzzle'),
	('bi bi-puzzle-fill'),
	('bi bi-question'),
	('bi bi-question-circle'),
	('bi bi-question-circle-fill'),
	('bi bi-question-diamond'),
	('bi bi-question-diamond-fill'),
	('bi bi-question-lg'),
	('bi bi-question-octagon'),
	('bi bi-question-octagon-fill'),
	('bi bi-question-square'),
	('bi bi-question-square-fill'),
	('bi bi-rainbow'),
	('bi bi-receipt'),
	('bi bi-receipt-cutoff'),
	('bi bi-reception-0'),
	('bi bi-reception-1'),
	('bi bi-reception-2'),
	('bi bi-reception-3'),
	('bi bi-reception-4'),
	('bi bi-record'),
	('bi bi-record-btn'),
	('bi bi-record-btn-fill'),
	('bi bi-record-circle'),
	('bi bi-record-circle-fill'),
	('bi bi-record-fill'),
	('bi bi-record2'),
	('bi bi-record2-fill'),
	('bi bi-recycle'),
	('bi bi-reddit'),
	('bi bi-reply'),
	('bi bi-reply-all'),
	('bi bi-reply-all-fill'),
	('bi bi-reply-fill'),
	('bi bi-rss'),
	('bi bi-rss-fill'),
	('bi bi-rulers'),
	('bi bi-safe'),
	('bi bi-safe-fill'),
	('bi bi-safe2'),
	('bi bi-safe2-fill'),
	('bi bi-save'),
	('bi bi-save-fill'),
	('bi bi-save2'),
	('bi bi-save2-fill'),
	('bi bi-scissors'),
	('bi bi-screwdriver'),
	('bi bi-sd-card'),
	('bi bi-sd-card-fill'),
	('bi bi-search'),
	('bi bi-segmented-nav'),
	('bi bi-server'),
	('bi bi-share'),
	('bi bi-share-fill'),
	('bi bi-shield'),
	('bi bi-shield-check'),
	('bi bi-shield-exclamation'),
	('bi bi-shield-fill'),
	('bi bi-shield-fill-check'),
	('bi bi-shield-fill-exclamation'),
	('bi bi-shield-fill-minus'),
	('bi bi-shield-fill-plus'),
	('bi bi-shield-fill-x'),
	('bi bi-shield-lock'),
	('bi bi-shield-lock-fill'),
	('bi bi-shield-minus'),
	('bi bi-shield-plus'),
	('bi bi-shield-shaded'),
	('bi bi-shield-slash'),
	('bi bi-shield-slash-fill'),
	('bi bi-shield-x'),
	('bi bi-shift'),
	('bi bi-shift-fill'),
	('bi bi-shop'),
	('bi bi-shop-window'),
	('bi bi-shuffle'),
	('bi bi-signpost'),
	('bi bi-signpost-2'),
	('bi bi-signpost-2-fill'),
	('bi bi-signpost-fill'),
	('bi bi-signpost-split'),
	('bi bi-signpost-split-fill'),
	('bi bi-sim'),
	('bi bi-sim-fill'),
	('bi bi-skip-backward'),
	('bi bi-skip-backward-btn'),
	('bi bi-skip-backward-btn-fill'),
	('bi bi-skip-backward-circle'),
	('bi bi-skip-backward-circle-fill'),
	('bi bi-skip-backward-fill'),
	('bi bi-skip-end'),
	('bi bi-skip-end-btn'),
	('bi bi-skip-end-btn-fill'),
	('bi bi-skip-end-circle'),
	('bi bi-skip-end-circle-fill'),
	('bi bi-skip-end-fill'),
	('bi bi-skip-forward'),
	('bi bi-skip-forward-btn'),
	('bi bi-skip-forward-btn-fill'),
	('bi bi-skip-forward-circle'),
	('bi bi-skip-forward-circle-fill'),
	('bi bi-skip-forward-fill'),
	('bi bi-skip-start'),
	('bi bi-skip-start-btn'),
	('bi bi-skip-start-btn-fill'),
	('bi bi-skip-start-circle'),
	('bi bi-skip-start-circle-fill'),
	('bi bi-skip-start-fill'),
	('bi bi-skype'),
	('bi bi-slack'),
	('bi bi-slash'),
	('bi bi-slash-circle'),
	('bi bi-slash-circle-fill'),
	('bi bi-slash-lg'),
	('bi bi-slash-square'),
	('bi bi-slash-square-fill'),
	('bi bi-sliders'),
	('bi bi-smartwatch'),
	('bi bi-snow'),
	('bi bi-snow2'),
	('bi bi-snow3'),
	('bi bi-sort-alpha-down'),
	('bi bi-sort-alpha-down-alt'),
	('bi bi-sort-alpha-up'),
	('bi bi-sort-alpha-up-alt'),
	('bi bi-sort-down'),
	('bi bi-sort-down-alt'),
	('bi bi-sort-numeric-down'),
	('bi bi-sort-numeric-down-alt'),
	('bi bi-sort-numeric-up'),
	('bi bi-sort-numeric-up-alt'),
	('bi bi-sort-up'),
	('bi bi-sort-up-alt'),
	('bi bi-soundwave'),
	('bi bi-speaker'),
	('bi bi-speaker-fill'),
	('bi bi-speedometer'),
	('bi bi-speedometer2'),
	('bi bi-spellcheck'),
	('bi bi-square'),
	('bi bi-square-fill'),
	('bi bi-square-half'),
	('bi bi-stack'),
	('bi bi-star'),
	('bi bi-star-fill'),
	('bi bi-star-half'),
	('bi bi-stars'),
	('bi bi-stickies'),
	('bi bi-stickies-fill'),
	('bi bi-sticky'),
	('bi bi-sticky-fill'),
	('bi bi-stop'),
	('bi bi-stop-btn'),
	('bi bi-stop-btn-fill'),
	('bi bi-stop-circle'),
	('bi bi-stop-circle-fill'),
	('bi bi-stop-fill'),
	('bi bi-stoplights'),
	('bi bi-stoplights-fill'),
	('bi bi-stopwatch'),
	('bi bi-stopwatch-fill'),
	('bi bi-subtract'),
	('bi bi-suit-club'),
	('bi bi-suit-club-fill'),
	('bi bi-suit-diamond'),
	('bi bi-suit-diamond-fill'),
	('bi bi-suit-heart'),
	('bi bi-suit-heart-fill'),
	('bi bi-suit-spade'),
	('bi bi-suit-spade-fill'),
	('bi bi-sun'),
	('bi bi-sun-fill'),
	('bi bi-sunglasses'),
	('bi bi-sunrise'),
	('bi bi-sunrise-fill'),
	('bi bi-sunset'),
	('bi bi-sunset-fill'),
	('bi bi-symmetry-horizontal'),
	('bi bi-symmetry-vertical'),
	('bi bi-table'),
	('bi bi-tablet'),
	('bi bi-tablet-fill'),
	('bi bi-tablet-landscape'),
	('bi bi-tablet-landscape-fill'),
	('bi bi-tag'),
	('bi bi-tag-fill'),
	('bi bi-tags'),
	('bi bi-tags-fill'),
	('bi bi-telegram'),
	('bi bi-telephone'),
	('bi bi-telephone-fill'),
	('bi bi-telephone-forward'),
	('bi bi-telephone-forward-fill'),
	('bi bi-telephone-inbound'),
	('bi bi-telephone-inbound-fill'),
	('bi bi-telephone-minus'),
	('bi bi-telephone-minus-fill'),
	('bi bi-telephone-outbound'),
	('bi bi-telephone-outbound-fill'),
	('bi bi-telephone-plus'),
	('bi bi-telephone-plus-fill'),
	('bi bi-telephone-x'),
	('bi bi-telephone-x-fill'),
	('bi bi-terminal'),
	('bi bi-terminal-fill'),
	('bi bi-text-center'),
	('bi bi-text-indent-left'),
	('bi bi-text-indent-right'),
	('bi bi-text-left'),
	('bi bi-text-paragraph'),
	('bi bi-text-right'),
	('bi bi-textarea'),
	('bi bi-textarea-resize'),
	('bi bi-textarea-t'),
	('bi bi-thermometer'),
	('bi bi-thermometer-half'),
	('bi bi-thermometer-high'),
	('bi bi-thermometer-low'),
	('bi bi-thermometer-snow'),
	('bi bi-thermometer-sun'),
	('bi bi-three-dots'),
	('bi bi-three-dots-vertical'),
	('bi bi-toggle-off'),
	('bi bi-toggle-on'),
	('bi bi-toggle2-off'),
	('bi bi-toggle2-on'),
	('bi bi-toggles'),
	('bi bi-toggles2'),
	('bi bi-tools'),
	('bi bi-tornado'),
	('bi bi-translate'),
	('bi bi-trash'),
	('bi bi-trash-fill'),
	('bi bi-trash2'),
	('bi bi-trash2-fill'),
	('bi bi-tree'),
	('bi bi-tree-fill'),
	('bi bi-triangle'),
	('bi bi-triangle-fill'),
	('bi bi-triangle-half'),
	('bi bi-trophy'),
	('bi bi-trophy-fill'),
	('bi bi-tropical-storm'),
	('bi bi-truck'),
	('bi bi-truck-flatbed'),
	('bi bi-tsunami'),
	('bi bi-tv'),
	('bi bi-tv-fill'),
	('bi bi-twitch'),
	('bi bi-twitter'),
	('bi bi-type'),
	('bi bi-type-bold'),
	('bi bi-type-h1'),
	('bi bi-type-h2'),
	('bi bi-type-h3'),
	('bi bi-type-italic'),
	('bi bi-type-strikethrough'),
	('bi bi-type-underline'),
	('bi bi-ui-checks'),
	('bi bi-ui-checks-grid'),
	('bi bi-ui-radios'),
	('bi bi-ui-radios-grid'),
	('bi bi-umbrella'),
	('bi bi-umbrella-fill'),
	('bi bi-union'),
	('bi bi-unlock'),
	('bi bi-unlock-fill'),
	('bi bi-upc'),
	('bi bi-upc-scan'),
	('bi bi-upload'),
	('bi bi-vector-pen'),
	('bi bi-view-list'),
	('bi bi-view-stacked'),
	('bi bi-vinyl'),
	('bi bi-vinyl-fill'),
	('bi bi-voicemail'),
	('bi bi-volume-down'),
	('bi bi-volume-down-fill'),
	('bi bi-volume-mute'),
	('bi bi-volume-mute-fill'),
	('bi bi-volume-off'),
	('bi bi-volume-off-fill'),
	('bi bi-volume-up'),
	('bi bi-volume-up-fill'),
	('bi bi-vr'),
	('bi bi-wallet'),
	('bi bi-wallet-fill'),
	('bi bi-wallet2'),
	('bi bi-watch'),
	('bi bi-water'),
	('bi bi-whatsapp'),
	('bi bi-wifi'),
	('bi bi-wifi-1'),
	('bi bi-wifi-2'),
	('bi bi-wifi-off'),
	('bi bi-wind'),
	('bi bi-window'),
	('bi bi-window-dock'),
	('bi bi-window-sidebar'),
	('bi bi-wrench'),
	('bi bi-x'),
	('bi bi-x-circle'),
	('bi bi-x-circle-fill'),
	('bi bi-x-diamond'),
	('bi bi-x-diamond-fill'),
	('bi bi-x-lg'),
	('bi bi-x-octagon'),
	('bi bi-x-octagon-fill'),
	('bi bi-x-square'),
	('bi bi-x-square-fill'),
	('bi bi-youtube'),
	('bi bi-zoom-in'),
	('bi bi-zoom-out'),
	('bx bx-abacus'),
	('bx bx-accessibility'),
	('bx bx-add-to-queue'),
	('bx bx-adjust'),
	('bx bx-alarm'),
	('bx bx-alarm-add'),
	('bx bx-alarm-exclamation'),
	('bx bx-alarm-off'),
	('bx bx-alarm-snooze'),
	('bx bx-album'),
	('bx bx-align-justify'),
	('bx bx-align-left'),
	('bx bx-align-middle'),
	('bx bx-align-right'),
	('bx bx-analyse'),
	('bx bx-anchor'),
	('bx bx-angry'),
	('bx bx-aperture'),
	('bx bx-arch'),
	('bx bx-archive'),
	('bx bx-archive-in'),
	('bx bx-archive-out'),
	('bx bx-area'),
	('bx bx-arrow-back'),
	('bx bx-arrow-from-bottom'),
	('bx bx-arrow-from-left'),
	('bx bx-arrow-from-right'),
	('bx bx-arrow-from-top'),
	('bx bx-arrow-to-bottom'),
	('bx bx-arrow-to-left'),
	('bx bx-arrow-to-right'),
	('bx bx-arrow-to-top'),
	('bx bx-at'),
	('bx bx-atom'),
	('bx bx-award'),
	('bx bx-badge'),
	('bx bx-badge-check'),
	('bx bx-ball'),
	('bx bx-band-aid'),
	('bx bx-bar-chart'),
	('bx bx-bar-chart-alt'),
	('bx bx-bar-chart-alt-2'),
	('bx bx-bar-chart-square'),
	('bx bx-barcode'),
	('bx bx-barcode-reader'),
	('bx bx-baseball'),
	('bx bx-basket'),
	('bx bx-basketball'),
	('bx bx-bath'),
	('bx bx-battery'),
	('bx bx-bed'),
	('bx bx-been-here'),
	('bx bx-beer'),
	('bx bx-bell'),
	('bx bx-bell-minus'),
	('bx bx-bell-off'),
	('bx bx-bell-plus'),
	('bx bx-bible'),
	('bx bx-bitcoin'),
	('bx bx-blanket'),
	('bx bx-block'),
	('bx bx-bluetooth'),
	('bx bx-body'),
	('bx bx-bold'),
	('bx bx-bolt-circle'),
	('bx bx-bomb'),
	('bx bx-bone'),
	('bx bx-bong'),
	('bx bx-book'),
	('bx bx-book-add'),
	('bx bx-book-alt'),
	('bx bx-book-bookmark'),
	('bx bx-book-content'),
	('bx bx-book-heart'),
	('bx bx-book-open'),
	('bx bx-book-reader'),
	('bx bx-bookmark'),
	('bx bx-bookmark-alt'),
	('bx bx-bookmark-alt-minus'),
	('bx bx-bookmark-alt-plus'),
	('bx bx-bookmark-heart'),
	('bx bx-bookmark-minus'),
	('bx bx-bookmark-plus'),
	('bx bx-bookmarks'),
	('bx bx-border-all'),
	('bx bx-border-bottom'),
	('bx bx-border-inner'),
	('bx bx-border-left'),
	('bx bx-border-none'),
	('bx bx-border-outer'),
	('bx bx-border-radius'),
	('bx bx-border-right'),
	('bx bx-border-top'),
	('bx bx-bot'),
	('bx bx-bowling-ball'),
	('bx bx-box'),
	('bx bx-bracket'),
	('bx bx-braille'),
	('bx bx-brain'),
	('bx bx-briefcase'),
	('bx bx-briefcase-alt'),
	('bx bx-briefcase-alt-2'),
	('bx bx-brightness'),
	('bx bx-brightness-half'),
	('bx bx-broadcast'),
	('bx bx-brush'),
	('bx bx-brush-alt'),
	('bx bx-bug'),
	('bx bx-bug-alt'),
	('bx bx-building'),
	('bx bx-building-house'),
	('bx bx-buildings'),
	('bx bx-bulb'),
	('bx bx-bullseye'),
	('bx bx-buoy'),
	('bx bx-bus'),
	('bx bx-bus-school'),
	('bx bx-cabinet'),
	('bx bx-cake'),
	('bx bx-calculator'),
	('bx bx-calendar'),
	('bx bx-calendar-alt'),
	('bx bx-calendar-check'),
	('bx bx-calendar-edit'),
	('bx bx-calendar-event'),
	('bx bx-calendar-exclamation'),
	('bx bx-calendar-heart'),
	('bx bx-calendar-minus'),
	('bx bx-calendar-plus'),
	('bx bx-calendar-star'),
	('bx bx-calendar-week'),
	('bx bx-calendar-x'),
	('bx bx-camera'),
	('bx bx-camera-home'),
	('bx bx-camera-movie'),
	('bx bx-camera-off'),
	('bx bx-capsule'),
	('bx bx-captions'),
	('bx bx-car'),
	('bx bx-card'),
	('bx bx-caret-down'),
	('bx bx-caret-down-circle'),
	('bx bx-caret-down-square'),
	('bx bx-caret-left'),
	('bx bx-caret-left-circle'),
	('bx bx-caret-left-square'),
	('bx bx-caret-right'),
	('bx bx-caret-right-circle'),
	('bx bx-caret-right-square'),
	('bx bx-caret-up'),
	('bx bx-caret-up-circle'),
	('bx bx-caret-up-square'),
	('bx bx-carousel'),
	('bx bx-cart'),
	('bx bx-cart-alt'),
	('bx bx-cast'),
	('bx bx-category'),
	('bx bx-category-alt'),
	('bx bx-cctv'),
	('bx bx-certification'),
	('bx bx-chair'),
	('bx bx-chalkboard'),
	('bx bx-chart'),
	('bx bx-chat'),
	('bx bx-check'),
	('bx bx-check-circle'),
	('bx bx-check-double'),
	('bx bx-check-shield'),
	('bx bx-check-square'),
	('bx bx-checkbox'),
	('bx bx-checkbox-checked'),
	('bx bx-checkbox-minus'),
	('bx bx-checkbox-square'),
	('bx bx-chevron-down'),
	('bx bx-chevron-down-circle'),
	('bx bx-chevron-down-square'),
	('bx bx-chevron-left'),
	('bx bx-chevron-left-circle'),
	('bx bx-chevron-left-square'),
	('bx bx-chevron-right'),
	('bx bx-chevron-right-circle'),
	('bx bx-chevron-right-square'),
	('bx bx-chevron-up'),
	('bx bx-chevron-up-circle'),
	('bx bx-chevron-up-square'),
	('bx bx-chevrons-down'),
	('bx bx-chevrons-left'),
	('bx bx-chevrons-right'),
	('bx bx-chevrons-up'),
	('bx bx-chip'),
	('bx bx-church'),
	('bx bx-circle'),
	('bx bx-clinic'),
	('bx bx-clipboard'),
	('bx bx-closet'),
	('bx bx-cloud'),
	('bx bx-cloud-download'),
	('bx bx-cloud-drizzle'),
	('bx bx-cloud-light-rain'),
	('bx bx-cloud-lightning'),
	('bx bx-cloud-rain'),
	('bx bx-cloud-snow'),
	('bx bx-cloud-upload'),
	('bx bx-code'),
	('bx bx-code-alt'),
	('bx bx-code-block'),
	('bx bx-code-curly'),
	('bx bx-coffee'),
	('bx bx-coffee-togo'),
	('bx bx-cog'),
	('bx bx-coin'),
	('bx bx-coin-stack'),
	('bx bx-collapse'),
	('bx bx-collection'),
	('bx bx-color-fill'),
	('bx bx-columns'),
	('bx bx-command'),
	('bx bx-comment'),
	('bx bx-comment-add'),
	('bx bx-comment-check'),
	('bx bx-comment-detail'),
	('bx bx-comment-dots'),
	('bx bx-comment-edit'),
	('bx bx-comment-error'),
	('bx bx-comment-minus'),
	('bx bx-comment-x'),
	('bx bx-compass'),
	('bx bx-confused'),
	('bx bx-conversation'),
	('bx bx-cookie'),
	('bx bx-cool'),
	('bx bx-copy'),
	('bx bx-copy-alt'),
	('bx bx-copyright'),
	('bx bx-credit-card'),
	('bx bx-credit-card-alt'),
	('bx bx-credit-card-front'),
	('bx bx-crop'),
	('bx bx-crosshair'),
	('bx bx-crown'),
	('bx bx-cube'),
	('bx bx-cube-alt'),
	('bx bx-cuboid'),
	('bx bx-current-location'),
	('bx bx-customize'),
	('bx bx-cut'),
	('bx bx-cycling'),
	('bx bx-cylinder'),
	('bx bx-data'),
	('bx bx-desktop'),
	('bx bx-detail'),
	('bx bx-devices'),
	('bx bx-dialpad'),
	('bx bx-dialpad-alt'),
	('bx bx-diamond'),
	('bx bx-dice-1'),
	('bx bx-dice-2'),
	('bx bx-dice-3'),
	('bx bx-dice-4'),
	('bx bx-dice-5'),
	('bx bx-dice-6'),
	('bx bx-directions'),
	('bx bx-disc'),
	('bx bx-dish'),
	('bx bx-dislike'),
	('bx bx-dizzy'),
	('bx bx-dna'),
	('bx bx-dock-bottom'),
	('bx bx-dock-left'),
	('bx bx-dock-right'),
	('bx bx-dock-top'),
	('bx bx-dollar'),
	('bx bx-dollar-circle'),
	('bx bx-donate-blood'),
	('bx bx-donate-heart'),
	('bx bx-door-open'),
	('bx bx-dots-horizontal'),
	('bx bx-dots-horizontal-rounded'),
	('bx bx-dots-vertical'),
	('bx bx-dots-vertical-rounded'),
	('bx bx-doughnut-chart'),
	('bx bx-down-arrow'),
	('bx bx-down-arrow-alt'),
	('bx bx-down-arrow-circle'),
	('bx bx-download'),
	('bx bx-downvote'),
	('bx bx-drink'),
	('bx bx-droplet'),
	('bx bx-dumbbell'),
	('bx bx-duplicate'),
	('bx bx-edit'),
	('bx bx-edit-alt'),
	('bx bx-envelope'),
	('bx bx-envelope-open'),
	('bx bx-equalizer'),
	('bx bx-eraser'),
	('bx bx-error'),
	('bx bx-error-alt'),
	('bx bx-error-circle'),
	('bx bx-euro'),
	('bx bx-exclude'),
	('bx bx-exit'),
	('bx bx-exit-fullscreen'),
	('bx bx-expand'),
	('bx bx-expand-alt'),
	('bx bx-export'),
	('bx bx-extension'),
	('bx bx-face'),
	('bx bx-fast-forward'),
	('bx bx-fast-forward-circle'),
	('bx bx-female'),
	('bx bx-female-sign'),
	('bx bx-file'),
	('bx bx-file-blank'),
	('bx bx-file-find'),
	('bx bx-film'),
	('bx bx-filter'),
	('bx bx-filter-alt'),
	('bx bx-fingerprint'),
	('bx bx-first-aid'),
	('bx bx-first-page'),
	('bx bx-flag'),
	('bx bx-folder'),
	('bx bx-folder-minus'),
	('bx bx-folder-open'),
	('bx bx-folder-plus'),
	('bx bx-font'),
	('bx bx-font-color'),
	('bx bx-font-family'),
	('bx bx-font-size'),
	('bx bx-food-menu'),
	('bx bx-food-tag'),
	('bx bx-football'),
	('bx bx-fridge'),
	('bx bx-fullscreen'),
	('bx bx-game'),
	('bx bx-gas-pump'),
	('bx bx-ghost'),
	('bx bx-gift'),
	('bx bx-git-branch'),
	('bx bx-git-commit'),
	('bx bx-git-compare'),
	('bx bx-git-merge'),
	('bx bx-git-pull-request'),
	('bx bx-git-repo-forked'),
	('bx bx-glasses'),
	('bx bx-glasses-alt'),
	('bx bx-globe'),
	('bx bx-globe-alt'),
	('bx bx-grid'),
	('bx bx-grid-alt'),
	('bx bx-grid-horizontal'),
	('bx bx-grid-small'),
	('bx bx-grid-vertical'),
	('bx bx-group'),
	('bx bx-handicap'),
	('bx bx-happy'),
	('bx bx-happy-alt'),
	('bx bx-happy-beaming'),
	('bx bx-happy-heart-eyes'),
	('bx bx-hash'),
	('bx bx-hdd'),
	('bx bx-heading'),
	('bx bx-headphone'),
	('bx bx-health'),
	('bx bx-heart'),
	('bx bx-heart-circle'),
	('bx bx-heart-square'),
	('bx bx-help-circle'),
	('bx bx-hide'),
	('bx bx-highlight'),
	('bx bx-history'),
	('bx bx-hive'),
	('bx bx-home'),
	('bx bx-home-alt'),
	('bx bx-home-circle'),
	('bx bx-home-heart'),
	('bx bx-home-smile'),
	('bx bx-horizontal-center'),
	('bx bx-hotel'),
	('bx bx-hourglass'),
	('bx bx-id-card'),
	('bx bx-image'),
	('bx bx-image-add'),
	('bx bx-image-alt'),
	('bx bx-images'),
	('bx bx-import'),
	('bx bx-infinite'),
	('bx bx-info-circle'),
	('bx bx-info-square'),
	('bx bx-intersect'),
	('bx bx-italic'),
	('bx bx-joystick'),
	('bx bx-joystick-alt'),
	('bx bx-joystick-button'),
	('bx bx-key'),
	('bx bx-label'),
	('bx bx-landscape'),
	('bx bx-laptop'),
	('bx bx-last-page'),
	('bx bx-laugh'),
	('bx bx-layer'),
	('bx bx-layer-minus'),
	('bx bx-layer-plus'),
	('bx bx-layout'),
	('bx bx-left-arrow'),
	('bx bx-left-arrow-alt'),
	('bx bx-left-arrow-circle'),
	('bx bx-left-down-arrow-circle'),
	('bx bx-left-indent'),
	('bx bx-left-top-arrow-circle'),
	('bx bx-library'),
	('bx bx-like'),
	('bx bx-line-chart'),
	('bx bx-line-chart-down'),
	('bx bx-link'),
	('bx bx-link-alt'),
	('bx bx-link-external'),
	('bx bx-lira'),
	('bx bx-list-check'),
	('bx bx-list-minus'),
	('bx bx-list-ol'),
	('bx bx-list-plus'),
	('bx bx-list-ul'),
	('bx bx-loader'),
	('bx bx-loader-alt'),
	('bx bx-loader-circle'),
	('bx bx-location-plus'),
	('bx bx-lock'),
	('bx bx-lock-alt'),
	('bx bx-lock-open'),
	('bx bx-lock-open-alt'),
	('bx bx-log-in'),
	('bx bx-log-in-circle'),
	('bx bx-log-out'),
	('bx bx-log-out-circle'),
	('bx bx-low-vision'),
	('bx bx-magnet'),
	('bx bx-mail-send'),
	('bx bx-male'),
	('bx bx-male-sign'),
	('bx bx-map'),
	('bx bx-map-alt'),
	('bx bx-map-pin'),
	('bx bx-mask'),
	('bx bx-medal'),
	('bx bx-meh'),
	('bx bx-meh-alt'),
	('bx bx-meh-blank'),
	('bx bx-memory-card'),
	('bx bx-menu'),
	('bx bx-menu-alt-left'),
	('bx bx-menu-alt-right'),
	('bx bx-merge'),
	('bx bx-message'),
	('bx bx-message-add'),
	('bx bx-message-alt'),
	('bx bx-message-alt-add'),
	('bx bx-message-alt-check'),
	('bx bx-message-alt-detail'),
	('bx bx-message-alt-dots'),
	('bx bx-message-alt-edit'),
	('bx bx-message-alt-error'),
	('bx bx-message-alt-minus'),
	('bx bx-message-alt-x'),
	('bx bx-message-check'),
	('bx bx-message-detail'),
	('bx bx-message-dots'),
	('bx bx-message-edit'),
	('bx bx-message-error'),
	('bx bx-message-minus'),
	('bx bx-message-rounded'),
	('bx bx-message-rounded-add'),
	('bx bx-message-rounded-check'),
	('bx bx-message-rounded-detail'),
	('bx bx-message-rounded-dots'),
	('bx bx-message-rounded-edit'),
	('bx bx-message-rounded-error'),
	('bx bx-message-rounded-minus'),
	('bx bx-message-rounded-x'),
	('bx bx-message-square'),
	('bx bx-message-square-add'),
	('bx bx-message-square-check'),
	('bx bx-message-square-detail'),
	('bx bx-message-square-dots'),
	('bx bx-message-square-edit'),
	('bx bx-message-square-error'),
	('bx bx-message-square-minus'),
	('bx bx-message-square-x'),
	('bx bx-message-x'),
	('bx bx-meteor'),
	('bx bx-microchip'),
	('bx bx-microphone'),
	('bx bx-microphone-off'),
	('bx bx-minus'),
	('bx bx-minus-back'),
	('bx bx-minus-circle'),
	('bx bx-minus-front'),
	('bx bx-mobile'),
	('bx bx-mobile-alt'),
	('bx bx-mobile-landscape'),
	('bx bx-mobile-vibration'),
	('bx bx-money'),
	('bx bx-moon'),
	('bx bx-mouse'),
	('bx bx-mouse-alt'),
	('bx bx-move'),
	('bx bx-move-horizontal'),
	('bx bx-move-vertical'),
	('bx bx-movie'),
	('bx bx-movie-play'),
	('bx bx-music'),
	('bx bx-navigation'),
	('bx bx-network-chart'),
	('bx bx-news'),
	('bx bx-no-entry'),
	('bx bx-note'),
	('bx bx-notepad'),
	('bx bx-notification'),
	('bx bx-notification-off'),
	('bx bx-outline'),
	('bx bx-package'),
	('bx bx-paint'),
	('bx bx-paint-roll'),
	('bx bx-palette'),
	('bx bx-paper-plane'),
	('bx bx-paperclip'),
	('bx bx-paragraph'),
	('bx bx-paste'),
	('bx bx-pause'),
	('bx bx-pause-circle'),
	('bx bx-pen'),
	('bx bx-pencil'),
	('bx bx-phone'),
	('bx bx-phone-call'),
	('bx bx-phone-incoming'),
	('bx bx-phone-off'),
	('bx bx-phone-outgoing'),
	('bx bx-photo-album'),
	('bx bx-pie-chart'),
	('bx bx-pie-chart-alt'),
	('bx bx-pie-chart-alt-2'),
	('bx bx-pin'),
	('bx bx-planet'),
	('bx bx-play'),
	('bx bx-play-circle'),
	('bx bx-plug'),
	('bx bx-plus'),
	('bx bx-plus-circle'),
	('bx bx-plus-medical'),
	('bx bx-podcast'),
	('bx bx-pointer'),
	('bx bx-poll'),
	('bx bx-polygon'),
	('bx bx-pound'),
	('bx bx-power-off'),
	('bx bx-printer'),
	('bx bx-pulse'),
	('bx bx-purchase-tag'),
	('bx bx-purchase-tag-alt'),
	('bx bx-pyramid'),
	('bx bx-qr'),
	('bx bx-qr-scan'),
	('bx bx-question-mark'),
	('bx bx-radar'),
	('bx bx-radio'),
	('bx bx-radio-circle'),
	('bx bx-radio-circle-marked'),
	('bx bx-receipt'),
	('bx bx-rectangle'),
	('bx bx-recycle'),
	('bx bx-redo'),
	('bx bx-refresh'),
	('bx bx-registered'),
	('bx bx-rename'),
	('bx bx-repeat'),
	('bx bx-reply'),
	('bx bx-reply-all'),
	('bx bx-repost'),
	('bx bx-reset'),
	('bx bx-restaurant'),
	('bx bx-revision'),
	('bx bx-rewind'),
	('bx bx-rewind-circle'),
	('bx bx-right-arrow'),
	('bx bx-right-arrow-alt'),
	('bx bx-right-arrow-circle'),
	('bx bx-right-down-arrow-circle'),
	('bx bx-right-indent'),
	('bx bx-right-top-arrow-circle'),
	('bx bx-rocket'),
	('bx bx-rotate-left'),
	('bx bx-rotate-right'),
	('bx bx-rss'),
	('bx bx-ruble'),
	('bx bx-ruler'),
	('bx bx-run'),
	('bx bx-rupee'),
	('bx bx-sad'),
	('bx bx-save'),
	('bx bx-scan'),
	('bx bx-screenshot'),
	('bx bx-search'),
	('bx bx-search-alt'),
	('bx bx-search-alt-2'),
	('bx bx-select-multiple'),
	('bx bx-selection'),
	('bx bx-send'),
	('bx bx-server'),
	('bx bx-shape-circle'),
	('bx bx-shape-polygon'),
	('bx bx-shape-square'),
	('bx bx-shape-triangle'),
	('bx bx-share'),
	('bx bx-share-alt'),
	('bx bx-shekel'),
	('bx bx-shield'),
	('bx bx-shield-alt'),
	('bx bx-shield-alt-2'),
	('bx bx-shield-quarter'),
	('bx bx-shield-x'),
	('bx bx-shocked'),
	('bx bx-shopping-bag'),
	('bx bx-show'),
	('bx bx-show-alt'),
	('bx bx-shuffle'),
	('bx bx-sidebar'),
	('bx bx-sitemap'),
	('bx bx-skip-next'),
	('bx bx-skip-next-circle'),
	('bx bx-skip-previous'),
	('bx bx-skip-previous-circle'),
	('bx bx-sleepy'),
	('bx bx-slider'),
	('bx bx-slider-alt'),
	('bx bx-slideshow'),
	('bx bx-smile'),
	('bx bx-sort'),
	('bx bx-sort-a-z'),
	('bx bx-sort-alt-2'),
	('bx bx-sort-down'),
	('bx bx-sort-up'),
	('bx bx-sort-z-a'),
	('bx bx-spa'),
	('bx bx-space-bar'),
	('bx bx-speaker'),
	('bx bx-spray-can'),
	('bx bx-spreadsheet'),
	('bx bx-square'),
	('bx bx-square-rounded'),
	('bx bx-star'),
	('bx bx-station'),
	('bx bx-stats'),
	('bx bx-sticker'),
	('bx bx-stop'),
	('bx bx-stop-circle'),
	('bx bx-stopwatch'),
	('bx bx-store'),
	('bx bx-store-alt'),
	('bx bx-street-view'),
	('bx bx-strikethrough'),
	('bx bx-subdirectory-left'),
	('bx bx-subdirectory-right'),
	('bx bx-sun'),
	('bx bx-support'),
	('bx bx-swim'),
	('bx bx-sync'),
	('bx bx-tab'),
	('bx bx-table'),
	('bx bx-tachometer'),
	('bx bx-tag'),
	('bx bx-tag-alt'),
	('bx bx-target-lock'),
	('bx bx-task'),
	('bx bx-task-x'),
	('bx bx-taxi'),
	('bx bx-tennis-ball'),
	('bx bx-terminal'),
	('bx bx-test-tube'),
	('bx bx-text'),
	('bx bx-time'),
	('bx bx-time-five'),
	('bx bx-timer'),
	('bx bx-tired'),
	('bx bx-toggle-left'),
	('bx bx-toggle-right'),
	('bx bx-tone'),
	('bx bx-traffic-cone'),
	('bx bx-train'),
	('bx bx-transfer'),
	('bx bx-transfer-alt'),
	('bx bx-trash'),
	('bx bx-trash-alt'),
	('bx bx-trending-down'),
	('bx bx-trending-up'),
	('bx bx-trim'),
	('bx bx-trip'),
	('bx bx-trophy'),
	('bx bx-tv'),
	('bx bx-underline'),
	('bx bx-undo'),
	('bx bx-unite'),
	('bx bx-unlink'),
	('bx bx-up-arrow'),
	('bx bx-up-arrow-alt'),
	('bx bx-up-arrow-circle'),
	('bx bx-upload'),
	('bx bx-upside-down'),
	('bx bx-upvote'),
	('bx bx-usb'),
	('bx bx-user'),
	('bx bx-user-check'),
	('bx bx-user-circle'),
	('bx bx-user-minus'),
	('bx bx-user-pin'),
	('bx bx-user-plus'),
	('bx bx-user-voice'),
	('bx bx-user-x'),
	('bx bx-vector'),
	('bx bx-vertical-center'),
	('bx bx-vial'),
	('bx bx-video'),
	('bx bx-video-off'),
	('bx bx-video-plus'),
	('bx bx-video-recording'),
	('bx bx-voicemail'),
	('bx bx-volume'),
	('bx bx-volume-full'),
	('bx bx-volume-low'),
	('bx bx-volume-mute'),
	('bx bx-walk'),
	('bx bx-wallet'),
	('bx bx-wallet-alt'),
	('bx bx-water'),
	('bx bx-webcam'),
	('bx bx-wifi'),
	('bx bx-wifi-0'),
	('bx bx-wifi-1'),
	('bx bx-wifi-2'),
	('bx bx-wifi-off'),
	('bx bx-wind'),
	('bx bx-window'),
	('bx bx-window-alt'),
	('bx bx-window-close'),
	('bx bx-window-open'),
	('bx bx-windows'),
	('bx bx-wine'),
	('bx bx-wink-smile'),
	('bx bx-wink-tongue'),
	('bx bx-won'),
	('bx bx-world'),
	('bx bx-wrench'),
	('bx bx-x'),
	('bx bx-x-circle'),
	('bx bx-yen'),
	('bx bx-zoom-in'),
	('bx bx-zoom-out'),
	('bx bxl-500px'),
	('bx bxl-adobe'),
	('bx bxl-airbnb'),
	('bx bxl-algolia'),
	('bx bxl-amazon'),
	('bx bxl-android'),
	('bx bxl-angular'),
	('bx bxl-apple'),
	('bx bxl-audible'),
	('bx bxl-aws'),
	('bx bxl-baidu'),
	('bx bxl-behance'),
	('bx bxl-bing'),
	('bx bxl-bitcoin'),
	('bx bxl-blender'),
	('bx bxl-blogger'),
	('bx bxl-bootstrap'),
	('bx bxl-c-plus-plus'),
	('bx bxl-chrome'),
	('bx bxl-codepen'),
	('bx bxl-creative-commons'),
	('bx bxl-css3'),
	('bx bxl-dailymotion'),
	('bx bxl-dev-to'),
	('bx bxl-deviantart'),
	('bx bxl-digg'),
	('bx bxl-digitalocean'),
	('bx bxl-discord'),
	('bx bxl-discord-alt'),
	('bx bxl-discourse'),
	('bx bxl-django'),
	('bx bxl-docker'),
	('bx bxl-dribbble'),
	('bx bxl-dropbox'),
	('bx bxl-drupal'),
	('bx bxl-ebay'),
	('bx bxl-edge'),
	('bx bxl-etsy'),
	('bx bxl-facebook'),
	('bx bxl-facebook-circle'),
	('bx bxl-facebook-square'),
	('bx bxl-figma'),
	('bx bxl-firebase'),
	('bx bxl-firefox'),
	('bx bxl-flickr'),
	('bx bxl-flickr-square'),
	('bx bxl-flutter'),
	('bx bxl-foursquare'),
	('bx bxl-git'),
	('bx bxl-github'),
	('bx bxl-gitlab'),
	('bx bxl-google'),
	('bx bxl-google-cloud'),
	('bx bxl-google-plus'),
	('bx bxl-google-plus-circle'),
	('bx bxl-html5'),
	('bx bxl-imdb'),
	('bx bxl-instagram'),
	('bx bxl-instagram-alt'),
	('bx bxl-internet-explorer'),
	('bx bxl-invision'),
	('bx bxl-javascript'),
	('bx bxl-joomla'),
	('bx bxl-jquery'),
	('bx bxl-jsfiddle'),
	('bx bxl-kickstarter'),
	('bx bxl-kubernetes'),
	('bx bxl-less'),
	('bx bxl-linkedin'),
	('bx bxl-linkedin-square'),
	('bx bxl-magento'),
	('bx bxl-mailchimp'),
	('bx bxl-markdown'),
	('bx bxl-mastercard'),
	('bx bxl-mastodon'),
	('bx bxl-medium'),
	('bx bxl-medium-old'),
	('bx bxl-medium-square'),
	('bx bxl-messenger'),
	('bx bxl-microsoft'),
	('bx bxl-microsoft-teams'),
	('bx bxl-nodejs'),
	('bx bxl-ok-ru'),
	('bx bxl-opera'),
	('bx bxl-patreon'),
	('bx bxl-paypal'),
	('bx bxl-periscope'),
	('bx bxl-php'),
	('bx bxl-pinterest'),
	('bx bxl-pinterest-alt'),
	('bx bxl-play-store'),
	('bx bxl-pocket'),
	('bx bxl-product-hunt'),
	('bx bxl-python'),
	('bx bxl-quora'),
	('bx bxl-react'),
	('bx bxl-redbubble'),
	('bx bxl-reddit'),
	('bx bxl-redux'),
	('bx bxl-sass'),
	('bx bxl-shopify'),
	('bx bxl-sketch'),
	('bx bxl-skype'),
	('bx bxl-slack'),
	('bx bxl-slack-old'),
	('bx bxl-snapchat'),
	('bx bxl-soundcloud'),
	('bx bxl-spotify'),
	('bx bxl-spring-boot'),
	('bx bxl-squarespace'),
	('bx bxl-stack-overflow'),
	('bx bxl-steam'),
	('bx bxl-stripe'),
	('bx bxl-tailwind-css'),
	('bx bxl-telegram'),
	('bx bxl-tiktok'),
	('bx bxl-trello'),
	('bx bxl-trip-advisor'),
	('bx bxl-tumblr'),
	('bx bxl-tux'),
	('bx bxl-twitch'),
	('bx bxl-twitter'),
	('bx bxl-unity'),
	('bx bxl-unsplash'),
	('bx bxl-vimeo'),
	('bx bxl-visa'),
	('bx bxl-visual-studio'),
	('bx bxl-vk'),
	('bx bxl-vuejs'),
	('bx bxl-whatsapp'),
	('bx bxl-whatsapp-square'),
	('bx bxl-wikipedia'),
	('bx bxl-windows'),
	('bx bxl-wix'),
	('bx bxl-wordpress'),
	('bx bxl-yahoo'),
	('bx bxl-yelp'),
	('bx bxl-youtube'),
	('bx bxl-zoom'),
	('bx bxs-add-to-queue'),
	('bx bxs-adjust'),
	('bx bxs-adjust-alt'),
	('bx bxs-alarm'),
	('bx bxs-alarm-add'),
	('bx bxs-alarm-exclamation'),
	('bx bxs-alarm-off'),
	('bx bxs-alarm-snooze'),
	('bx bxs-album'),
	('bx bxs-ambulance'),
	('bx bxs-analyse'),
	('bx bxs-angry'),
	('bx bxs-arch'),
	('bx bxs-archive'),
	('bx bxs-archive-in'),
	('bx bxs-archive-out'),
	('bx bxs-area'),
	('bx bxs-arrow-from-bottom'),
	('bx bxs-arrow-from-left'),
	('bx bxs-arrow-from-right'),
	('bx bxs-arrow-from-top'),
	('bx bxs-arrow-to-bottom'),
	('bx bxs-arrow-to-left'),
	('bx bxs-arrow-to-right'),
	('bx bxs-arrow-to-top'),
	('bx bxs-award'),
	('bx bxs-baby-carriage'),
	('bx bxs-backpack'),
	('bx bxs-badge'),
	('bx bxs-badge-check'),
	('bx bxs-badge-dollar'),
	('bx bxs-ball'),
	('bx bxs-band-aid'),
	('bx bxs-bank'),
	('bx bxs-bar-chart-alt-2'),
	('bx bxs-bar-chart-square'),
	('bx bxs-barcode'),
	('bx bxs-baseball'),
	('bx bxs-basket'),
	('bx bxs-basketball'),
	('bx bxs-bath'),
	('bx bxs-battery'),
	('bx bxs-battery-charging'),
	('bx bxs-battery-full'),
	('bx bxs-battery-low'),
	('bx bxs-bed'),
	('bx bxs-been-here'),
	('bx bxs-beer'),
	('bx bxs-bell'),
	('bx bxs-bell-minus'),
	('bx bxs-bell-off'),
	('bx bxs-bell-plus'),
	('bx bxs-bell-ring'),
	('bx bxs-bible'),
	('bx bxs-binoculars'),
	('bx bxs-blanket'),
	('bx bxs-bolt'),
	('bx bxs-bolt-circle'),
	('bx bxs-bomb'),
	('bx bxs-bone'),
	('bx bxs-bong'),
	('bx bxs-book'),
	('bx bxs-book-add'),
	('bx bxs-book-alt'),
	('bx bxs-book-bookmark'),
	('bx bxs-book-content'),
	('bx bxs-book-heart'),
	('bx bxs-book-open'),
	('bx bxs-book-reader'),
	('bx bxs-bookmark'),
	('bx bxs-bookmark-alt'),
	('bx bxs-bookmark-alt-minus'),
	('bx bxs-bookmark-alt-plus'),
	('bx bxs-bookmark-heart'),
	('bx bxs-bookmark-minus'),
	('bx bxs-bookmark-plus'),
	('bx bxs-bookmark-star'),
	('bx bxs-bookmarks'),
	('bx bxs-bot'),
	('bx bxs-bowling-ball'),
	('bx bxs-box'),
	('bx bxs-brain'),
	('bx bxs-briefcase'),
	('bx bxs-briefcase-alt'),
	('bx bxs-briefcase-alt-2'),
	('bx bxs-brightness'),
	('bx bxs-brightness-half'),
	('bx bxs-brush'),
	('bx bxs-brush-alt'),
	('bx bxs-bug'),
	('bx bxs-bug-alt'),
	('bx bxs-building'),
	('bx bxs-building-house'),
	('bx bxs-buildings'),
	('bx bxs-bulb'),
	('bx bxs-bullseye'),
	('bx bxs-buoy'),
	('bx bxs-bus'),
	('bx bxs-bus-school'),
	('bx bxs-business'),
	('bx bxs-cabinet'),
	('bx bxs-cake'),
	('bx bxs-calculator'),
	('bx bxs-calendar'),
	('bx bxs-calendar-alt'),
	('bx bxs-calendar-check'),
	('bx bxs-calendar-edit'),
	('bx bxs-calendar-event'),
	('bx bxs-calendar-exclamation'),
	('bx bxs-calendar-heart'),
	('bx bxs-calendar-minus'),
	('bx bxs-calendar-plus'),
	('bx bxs-calendar-star'),
	('bx bxs-calendar-week'),
	('bx bxs-calendar-x'),
	('bx bxs-camera'),
	('bx bxs-camera-home'),
	('bx bxs-camera-movie'),
	('bx bxs-camera-off'),
	('bx bxs-camera-plus'),
	('bx bxs-capsule'),
	('bx bxs-captions'),
	('bx bxs-car'),
	('bx bxs-car-battery'),
	('bx bxs-car-crash'),
	('bx bxs-car-garage'),
	('bx bxs-car-mechanic'),
	('bx bxs-car-wash'),
	('bx bxs-card'),
	('bx bxs-caret-down-circle'),
	('bx bxs-caret-down-square'),
	('bx bxs-caret-left-circle'),
	('bx bxs-caret-left-square'),
	('bx bxs-caret-right-circle'),
	('bx bxs-caret-right-square'),
	('bx bxs-caret-up-circle'),
	('bx bxs-caret-up-square'),
	('bx bxs-carousel'),
	('bx bxs-cart'),
	('bx bxs-cart-add'),
	('bx bxs-cart-alt'),
	('bx bxs-cart-download'),
	('bx bxs-category'),
	('bx bxs-category-alt'),
	('bx bxs-cctv'),
	('bx bxs-certification'),
	('bx bxs-chalkboard'),
	('bx bxs-chart'),
	('bx bxs-chat'),
	('bx bxs-check-circle'),
	('bx bxs-check-shield'),
	('bx bxs-check-square'),
	('bx bxs-checkbox'),
	('bx bxs-checkbox-checked'),
	('bx bxs-checkbox-minus'),
	('bx bxs-chess'),
	('bx bxs-chevron-down'),
	('bx bxs-chevron-down-circle'),
	('bx bxs-chevron-down-square'),
	('bx bxs-chevron-left'),
	('bx bxs-chevron-left-circle'),
	('bx bxs-chevron-left-square'),
	('bx bxs-chevron-right'),
	('bx bxs-chevron-right-circle'),
	('bx bxs-chevron-right-square'),
	('bx bxs-chevron-up'),
	('bx bxs-chevron-up-circle'),
	('bx bxs-chevron-up-square'),
	('bx bxs-chevrons-down'),
	('bx bxs-chevrons-left'),
	('bx bxs-chevrons-right'),
	('bx bxs-chevrons-up'),
	('bx bxs-chip'),
	('bx bxs-church'),
	('bx bxs-circle'),
	('bx bxs-city'),
	('bx bxs-clinic'),
	('bx bxs-cloud'),
	('bx bxs-cloud-download'),
	('bx bxs-cloud-lightning'),
	('bx bxs-cloud-rain'),
	('bx bxs-cloud-upload'),
	('bx bxs-coffee'),
	('bx bxs-coffee-alt'),
	('bx bxs-coffee-togo'),
	('bx bxs-cog'),
	('bx bxs-coin'),
	('bx bxs-coin-stack'),
	('bx bxs-collection'),
	('bx bxs-color-fill'),
	('bx bxs-comment'),
	('bx bxs-comment-add'),
	('bx bxs-comment-check'),
	('bx bxs-comment-detail'),
	('bx bxs-comment-dots'),
	('bx bxs-comment-edit'),
	('bx bxs-comment-error'),
	('bx bxs-comment-minus'),
	('bx bxs-comment-x'),
	('bx bxs-compass'),
	('bx bxs-component'),
	('bx bxs-confused'),
	('bx bxs-contact'),
	('bx bxs-conversation'),
	('bx bxs-cookie'),
	('bx bxs-cool'),
	('bx bxs-copy'),
	('bx bxs-copy-alt'),
	('bx bxs-copyright'),
	('bx bxs-coupon'),
	('bx bxs-credit-card'),
	('bx bxs-credit-card-alt'),
	('bx bxs-credit-card-front'),
	('bx bxs-crop'),
	('bx bxs-crown'),
	('bx bxs-cube'),
	('bx bxs-cube-alt'),
	('bx bxs-cuboid'),
	('bx bxs-customize'),
	('bx bxs-cylinder'),
	('bx bxs-dashboard'),
	('bx bxs-data'),
	('bx bxs-detail'),
	('bx bxs-devices'),
	('bx bxs-diamond'),
	('bx bxs-dice-1'),
	('bx bxs-dice-2'),
	('bx bxs-dice-3'),
	('bx bxs-dice-4'),
	('bx bxs-dice-5'),
	('bx bxs-dice-6'),
	('bx bxs-direction-left'),
	('bx bxs-direction-right'),
	('bx bxs-directions'),
	('bx bxs-disc'),
	('bx bxs-discount'),
	('bx bxs-dish'),
	('bx bxs-dislike'),
	('bx bxs-dizzy'),
	('bx bxs-dock-bottom'),
	('bx bxs-dock-left'),
	('bx bxs-dock-right'),
	('bx bxs-dock-top'),
	('bx bxs-dollar-circle'),
	('bx bxs-donate-blood'),
	('bx bxs-donate-heart'),
	('bx bxs-door-open'),
	('bx bxs-doughnut-chart'),
	('bx bxs-down-arrow'),
	('bx bxs-down-arrow-alt'),
	('bx bxs-down-arrow-circle'),
	('bx bxs-down-arrow-square'),
	('bx bxs-download'),
	('bx bxs-downvote'),
	('bx bxs-drink'),
	('bx bxs-droplet'),
	('bx bxs-droplet-half'),
	('bx bxs-dryer'),
	('bx bxs-duplicate'),
	('bx bxs-edit'),
	('bx bxs-edit-alt'),
	('bx bxs-edit-location'),
	('bx bxs-eject'),
	('bx bxs-envelope'),
	('bx bxs-envelope-open'),
	('bx bxs-eraser'),
	('bx bxs-error'),
	('bx bxs-error-alt'),
	('bx bxs-error-circle'),
	('bx bxs-ev-station'),
	('bx bxs-exit'),
	('bx bxs-extension'),
	('bx bxs-eyedropper'),
	('bx bxs-face'),
	('bx bxs-face-mask'),
	('bx bxs-factory'),
	('bx bxs-fast-forward-circle'),
	('bx bxs-file'),
	('bx bxs-file-archive'),
	('bx bxs-file-blank'),
	('bx bxs-file-css'),
	('bx bxs-file-doc'),
	('bx bxs-file-export'),
	('bx bxs-file-find'),
	('bx bxs-file-gif'),
	('bx bxs-file-html'),
	('bx bxs-file-image'),
	('bx bxs-file-import'),
	('bx bxs-file-jpg'),
	('bx bxs-file-js'),
	('bx bxs-file-json'),
	('bx bxs-file-md'),
	('bx bxs-file-pdf'),
	('bx bxs-file-plus'),
	('bx bxs-file-png'),
	('bx bxs-file-txt'),
	('bx bxs-film'),
	('bx bxs-filter-alt'),
	('bx bxs-first-aid'),
	('bx bxs-flag'),
	('bx bxs-flag-alt'),
	('bx bxs-flag-checkered'),
	('bx bxs-flame'),
	('bx bxs-flask'),
	('bx bxs-florist'),
	('bx bxs-folder'),
	('bx bxs-folder-minus'),
	('bx bxs-folder-open'),
	('bx bxs-folder-plus'),
	('bx bxs-food-menu'),
	('bx bxs-fridge'),
	('bx bxs-game'),
	('bx bxs-gas-pump'),
	('bx bxs-ghost'),
	('bx bxs-gift'),
	('bx bxs-graduation'),
	('bx bxs-grid'),
	('bx bxs-grid-alt'),
	('bx bxs-group'),
	('bx bxs-guitar-amp'),
	('bx bxs-hand'),
	('bx bxs-hand-down'),
	('bx bxs-hand-left'),
	('bx bxs-hand-right'),
	('bx bxs-hand-up'),
	('bx bxs-happy'),
	('bx bxs-happy-alt'),
	('bx bxs-happy-beaming'),
	('bx bxs-happy-heart-eyes'),
	('bx bxs-hdd'),
	('bx bxs-heart'),
	('bx bxs-heart-circle'),
	('bx bxs-heart-square'),
	('bx bxs-help-circle'),
	('bx bxs-hide'),
	('bx bxs-home'),
	('bx bxs-home-circle'),
	('bx bxs-home-heart'),
	('bx bxs-home-smile'),
	('bx bxs-hot'),
	('bx bxs-hotel'),
	('bx bxs-hourglass'),
	('bx bxs-hourglass-bottom'),
	('bx bxs-hourglass-top'),
	('bx bxs-id-card'),
	('bx bxs-image'),
	('bx bxs-image-add'),
	('bx bxs-image-alt'),
	('bx bxs-inbox'),
	('bx bxs-info-circle'),
	('bx bxs-info-square'),
	('bx bxs-institution'),
	('bx bxs-joystick'),
	('bx bxs-joystick-alt'),
	('bx bxs-joystick-button'),
	('bx bxs-key'),
	('bx bxs-keyboard'),
	('bx bxs-label'),
	('bx bxs-landmark'),
	('bx bxs-landscape'),
	('bx bxs-laugh'),
	('bx bxs-layer'),
	('bx bxs-layer-minus'),
	('bx bxs-layer-plus'),
	('bx bxs-layout'),
	('bx bxs-left-arrow'),
	('bx bxs-left-arrow-alt'),
	('bx bxs-left-arrow-circle'),
	('bx bxs-left-arrow-square'),
	('bx bxs-left-down-arrow-circle'),
	('bx bxs-left-top-arrow-circle'),
	('bx bxs-like'),
	('bx bxs-location-plus'),
	('bx bxs-lock'),
	('bx bxs-lock-alt'),
	('bx bxs-lock-open'),
	('bx bxs-lock-open-alt'),
	('bx bxs-log-in'),
	('bx bxs-log-in-circle'),
	('bx bxs-log-out'),
	('bx bxs-log-out-circle'),
	('bx bxs-low-vision'),
	('bx bxs-magic-wand'),
	('bx bxs-magnet'),
	('bx bxs-map'),
	('bx bxs-map-alt'),
	('bx bxs-map-pin'),
	('bx bxs-mask'),
	('bx bxs-medal'),
	('bx bxs-megaphone'),
	('bx bxs-meh'),
	('bx bxs-meh-alt'),
	('bx bxs-meh-blank'),
	('bx bxs-memory-card'),
	('bx bxs-message'),
	('bx bxs-message-add'),
	('bx bxs-message-alt'),
	('bx bxs-message-alt-add'),
	('bx bxs-message-alt-check'),
	('bx bxs-message-alt-detail'),
	('bx bxs-message-alt-dots'),
	('bx bxs-message-alt-edit'),
	('bx bxs-message-alt-error'),
	('bx bxs-message-alt-minus'),
	('bx bxs-message-alt-x'),
	('bx bxs-message-check'),
	('bx bxs-message-detail'),
	('bx bxs-message-dots'),
	('bx bxs-message-edit'),
	('bx bxs-message-error'),
	('bx bxs-message-minus'),
	('bx bxs-message-rounded'),
	('bx bxs-message-rounded-add'),
	('bx bxs-message-rounded-check'),
	('bx bxs-message-rounded-detail'),
	('bx bxs-message-rounded-dots'),
	('bx bxs-message-rounded-edit'),
	('bx bxs-message-rounded-error'),
	('bx bxs-message-rounded-minus'),
	('bx bxs-message-rounded-x'),
	('bx bxs-message-square'),
	('bx bxs-message-square-add'),
	('bx bxs-message-square-check'),
	('bx bxs-message-square-detail'),
	('bx bxs-message-square-dots'),
	('bx bxs-message-square-edit'),
	('bx bxs-message-square-error'),
	('bx bxs-message-square-minus'),
	('bx bxs-message-square-x'),
	('bx bxs-message-x'),
	('bx bxs-meteor'),
	('bx bxs-microchip'),
	('bx bxs-microphone'),
	('bx bxs-microphone-alt'),
	('bx bxs-microphone-off'),
	('bx bxs-minus-circle'),
	('bx bxs-minus-square'),
	('bx bxs-mobile'),
	('bx bxs-mobile-vibration'),
	('bx bxs-moon'),
	('bx bxs-mouse'),
	('bx bxs-mouse-alt'),
	('bx bxs-movie'),
	('bx bxs-movie-play'),
	('bx bxs-music'),
	('bx bxs-navigation'),
	('bx bxs-network-chart'),
	('bx bxs-news'),
	('bx bxs-no-entry'),
	('bx bxs-note'),
	('bx bxs-notepad'),
	('bx bxs-notification'),
	('bx bxs-notification-off'),
	('bx bxs-offer'),
	('bx bxs-package'),
	('bx bxs-paint'),
	('bx bxs-paint-roll'),
	('bx bxs-palette'),
	('bx bxs-paper-plane'),
	('bx bxs-parking'),
	('bx bxs-paste'),
	('bx bxs-pen'),
	('bx bxs-pencil'),
	('bx bxs-phone'),
	('bx bxs-phone-call'),
	('bx bxs-phone-incoming'),
	('bx bxs-phone-off'),
	('bx bxs-phone-outgoing'),
	('bx bxs-photo-album'),
	('bx bxs-piano'),
	('bx bxs-pie-chart'),
	('bx bxs-pie-chart-alt'),
	('bx bxs-pie-chart-alt-2'),
	('bx bxs-pin'),
	('bx bxs-pizza'),
	('bx bxs-plane'),
	('bx bxs-plane-alt'),
	('bx bxs-plane-land'),
	('bx bxs-plane-take-off'),
	('bx bxs-planet'),
	('bx bxs-playlist'),
	('bx bxs-plug'),
	('bx bxs-plus-circle'),
	('bx bxs-plus-square'),
	('bx bxs-pointer'),
	('bx bxs-polygon'),
	('bx bxs-printer'),
	('bx bxs-purchase-tag'),
	('bx bxs-purchase-tag-alt'),
	('bx bxs-pyramid'),
	('bx bxs-quote-alt-left'),
	('bx bxs-quote-alt-right'),
	('bx bxs-quote-left'),
	('bx bxs-quote-right'),
	('bx bxs-quote-single-left'),
	('bx bxs-quote-single-right'),
	('bx bxs-radiation'),
	('bx bxs-radio'),
	('bx bxs-receipt'),
	('bx bxs-rectangle'),
	('bx bxs-registered'),
	('bx bxs-rename'),
	('bx bxs-report'),
	('bx bxs-rewind-circle'),
	('bx bxs-right-arrow'),
	('bx bxs-right-arrow-alt'),
	('bx bxs-right-arrow-circle'),
	('bx bxs-right-arrow-square'),
	('bx bxs-right-down-arrow-circle'),
	('bx bxs-right-top-arrow-circle'),
	('bx bxs-rocket'),
	('bx bxs-ruler'),
	('bx bxs-sad'),
	('bx bxs-save'),
	('bx bxs-school'),
	('bx bxs-search'),
	('bx bxs-search-alt-2'),
	('bx bxs-select-multiple'),
	('bx bxs-send'),
	('bx bxs-server'),
	('bx bxs-shapes'),
	('bx bxs-share'),
	('bx bxs-share-alt'),
	('bx bxs-shield'),
	('bx bxs-shield-alt-2'),
	('bx bxs-shield-x'),
	('bx bxs-ship'),
	('bx bxs-shocked'),
	('bx bxs-shopping-bag'),
	('bx bxs-shopping-bag-alt'),
	('bx bxs-shopping-bags'),
	('bx bxs-show'),
	('bx bxs-skip-next-circle'),
	('bx bxs-skip-previous-circle'),
	('bx bxs-skull'),
	('bx bxs-sleepy'),
	('bx bxs-slideshow'),
	('bx bxs-smile'),
	('bx bxs-sort-alt'),
	('bx bxs-spa'),
	('bx bxs-speaker'),
	('bx bxs-spray-can'),
	('bx bxs-spreadsheet'),
	('bx bxs-square'),
	('bx bxs-square-rounded'),
	('bx bxs-star'),
	('bx bxs-star-half'),
	('bx bxs-sticker'),
	('bx bxs-stopwatch'),
	('bx bxs-store'),
	('bx bxs-store-alt'),
	('bx bxs-sun'),
	('bx bxs-t-shirt'),
	('bx bxs-tachometer'),
	('bx bxs-tag'),
	('bx bxs-tag-alt'),
	('bx bxs-tag-x'),
	('bx bxs-taxi'),
	('bx bxs-tennis-ball'),
	('bx bxs-terminal'),
	('bx bxs-thermometer'),
	('bx bxs-time'),
	('bx bxs-time-five'),
	('bx bxs-timer'),
	('bx bxs-tired'),
	('bx bxs-to-top'),
	('bx bxs-toggle-left'),
	('bx bxs-toggle-right'),
	('bx bxs-tone'),
	('bx bxs-torch'),
	('bx bxs-traffic'),
	('bx bxs-traffic-barrier'),
	('bx bxs-traffic-cone'),
	('bx bxs-train'),
	('bx bxs-trash'),
	('bx bxs-trash-alt'),
	('bx bxs-tree'),
	('bx bxs-trophy'),
	('bx bxs-truck'),
	('bx bxs-tv'),
	('bx bxs-up-arrow'),
	('bx bxs-up-arrow-alt'),
	('bx bxs-up-arrow-circle'),
	('bx bxs-up-arrow-square'),
	('bx bxs-upside-down'),
	('bx bxs-upvote'),
	('bx bxs-user'),
	('bx bxs-user-account'),
	('bx bxs-user-badge'),
	('bx bxs-user-check'),
	('bx bxs-user-circle'),
	('bx bxs-user-detail'),
	('bx bxs-user-minus'),
	('bx bxs-user-pin'),
	('bx bxs-user-plus'),
	('bx bxs-user-rectangle'),
	('bx bxs-user-voice'),
	('bx bxs-user-x'),
	('bx bxs-vector'),
	('bx bxs-vial'),
	('bx bxs-video'),
	('bx bxs-video-off'),
	('bx bxs-video-plus'),
	('bx bxs-video-recording'),
	('bx bxs-videos'),
	('bx bxs-virus'),
	('bx bxs-virus-block'),
	('bx bxs-volume'),
	('bx bxs-volume-full'),
	('bx bxs-volume-low'),
	('bx bxs-volume-mute'),
	('bx bxs-wallet'),
	('bx bxs-wallet-alt'),
	('bx bxs-washer'),
	('bx bxs-watch'),
	('bx bxs-watch-alt'),
	('bx bxs-webcam'),
	('bx bxs-widget'),
	('bx bxs-window-alt'),
	('bx bxs-wine'),
	('bx bxs-wink-smile'),
	('bx bxs-wink-tongue'),
	('bx bxs-wrench'),
	('bx bxs-x-circle'),
	('bx bxs-x-square'),
	('bx bxs-yin-yang'),
	('bx bxs-zap'),
	('bx bxs-zoom-in'),
	('bx bxs-zoom-out'),
	('ri ri-24-hours-fill'),
	('ri ri-24-hours-line'),
	('ri ri-4k-fill'),
	('ri ri-4k-line'),
	('ri ri-a-b'),
	('ri ri-account-box-fill'),
	('ri ri-account-box-line'),
	('ri ri-account-circle-fill'),
	('ri ri-account-circle-line'),
	('ri ri-account-pin-box-fill'),
	('ri ri-account-pin-box-line'),
	('ri ri-account-pin-circle-fill'),
	('ri ri-account-pin-circle-line'),
	('ri ri-add-box-fill'),
	('ri ri-add-box-line'),
	('ri ri-add-circle-fill'),
	('ri ri-add-circle-line'),
	('ri ri-add-fill'),
	('ri ri-add-line'),
	('ri ri-admin-fill'),
	('ri ri-admin-line'),
	('ri ri-advertisement-fill'),
	('ri ri-advertisement-line'),
	('ri ri-airplay-fill'),
	('ri ri-airplay-line'),
	('ri ri-alarm-fill'),
	('ri ri-alarm-line'),
	('ri ri-alarm-warning-fill'),
	('ri ri-alarm-warning-line'),
	('ri ri-album-fill'),
	('ri ri-album-line'),
	('ri ri-alert-fill'),
	('ri ri-alert-line'),
	('ri ri-aliens-fill'),
	('ri ri-aliens-line'),
	('ri ri-align-bottom'),
	('ri ri-align-center'),
	('ri ri-align-justify'),
	('ri ri-align-left'),
	('ri ri-align-right'),
	('ri ri-align-top'),
	('ri ri-align-vertically'),
	('ri ri-alipay-fill'),
	('ri ri-alipay-line'),
	('ri ri-amazon-fill'),
	('ri ri-amazon-line'),
	('ri ri-anchor-fill'),
	('ri ri-anchor-line'),
	('ri ri-ancient-gate-fill'),
	('ri ri-ancient-gate-line'),
	('ri ri-ancient-pavilion-fill'),
	('ri ri-ancient-pavilion-line'),
	('ri ri-android-fill'),
	('ri ri-android-line'),
	('ri ri-angularjs-fill'),
	('ri ri-angularjs-line'),
	('ri ri-anticlockwise-2-fill'),
	('ri ri-anticlockwise-2-line'),
	('ri ri-anticlockwise-fill'),
	('ri ri-anticlockwise-line'),
	('ri ri-app-store-fill'),
	('ri ri-app-store-line'),
	('ri ri-apple-fill'),
	('ri ri-apple-line'),
	('ri ri-apps-2-fill'),
	('ri ri-apps-2-line'),
	('ri ri-apps-fill'),
	('ri ri-apps-line'),
	('ri ri-archive-drawer-fill'),
	('ri ri-archive-drawer-line'),
	('ri ri-archive-fill'),
	('ri ri-archive-line'),
	('ri ri-arrow-down-circle-fill'),
	('ri ri-arrow-down-circle-line'),
	('ri ri-arrow-down-fill'),
	('ri ri-arrow-down-line'),
	('ri ri-arrow-down-s-fill'),
	('ri ri-arrow-down-s-line'),
	('ri ri-arrow-drop-down-fill'),
	('ri ri-arrow-drop-down-line'),
	('ri ri-arrow-drop-left-fill'),
	('ri ri-arrow-drop-left-line'),
	('ri ri-arrow-drop-right-fill'),
	('ri ri-arrow-drop-right-line'),
	('ri ri-arrow-drop-up-fill'),
	('ri ri-arrow-drop-up-line'),
	('ri ri-arrow-go-back-fill'),
	('ri ri-arrow-go-back-line'),
	('ri ri-arrow-go-forward-fill'),
	('ri ri-arrow-go-forward-line'),
	('ri ri-arrow-left-circle-fill'),
	('ri ri-arrow-left-circle-line'),
	('ri ri-arrow-left-down-fill'),
	('ri ri-arrow-left-down-line'),
	('ri ri-arrow-left-fill'),
	('ri ri-arrow-left-line'),
	('ri ri-arrow-left-right-fill'),
	('ri ri-arrow-left-right-line'),
	('ri ri-arrow-left-s-fill'),
	('ri ri-arrow-left-s-line'),
	('ri ri-arrow-left-up-fill'),
	('ri ri-arrow-left-up-line'),
	('ri ri-arrow-right-circle-fill'),
	('ri ri-arrow-right-circle-line'),
	('ri ri-arrow-right-down-fill'),
	('ri ri-arrow-right-down-line'),
	('ri ri-arrow-right-fill'),
	('ri ri-arrow-right-line'),
	('ri ri-arrow-right-s-fill'),
	('ri ri-arrow-right-s-line'),
	('ri ri-arrow-right-up-fill'),
	('ri ri-arrow-right-up-line'),
	('ri ri-arrow-up-circle-fill'),
	('ri ri-arrow-up-circle-line'),
	('ri ri-arrow-up-down-fill'),
	('ri ri-arrow-up-down-line'),
	('ri ri-arrow-up-fill'),
	('ri ri-arrow-up-line'),
	('ri ri-arrow-up-s-fill'),
	('ri ri-arrow-up-s-line'),
	('ri ri-artboard-2-fill'),
	('ri ri-artboard-2-line'),
	('ri ri-artboard-fill'),
	('ri ri-artboard-line'),
	('ri ri-article-fill'),
	('ri ri-article-line'),
	('ri ri-aspect-ratio-fill'),
	('ri ri-aspect-ratio-line'),
	('ri ri-asterisk'),
	('ri ri-at-fill'),
	('ri ri-at-line'),
	('ri ri-attachment-2'),
	('ri ri-attachment-fill'),
	('ri ri-attachment-line'),
	('ri ri-auction-fill'),
	('ri ri-auction-line'),
	('ri ri-award-fill'),
	('ri ri-award-line'),
	('ri ri-baidu-fill'),
	('ri ri-baidu-line'),
	('ri ri-ball-pen-fill'),
	('ri ri-ball-pen-line'),
	('ri ri-bank-card-2-fill'),
	('ri ri-bank-card-2-line'),
	('ri ri-bank-card-fill'),
	('ri ri-bank-card-line'),
	('ri ri-bank-fill'),
	('ri ri-bank-line'),
	('ri ri-bar-chart-2-fill'),
	('ri ri-bar-chart-2-line'),
	('ri ri-bar-chart-box-fill'),
	('ri ri-bar-chart-box-line'),
	('ri ri-bar-chart-fill'),
	('ri ri-bar-chart-grouped-fill'),
	('ri ri-bar-chart-grouped-line'),
	('ri ri-bar-chart-horizontal-fill'),
	('ri ri-bar-chart-horizontal-line'),
	('ri ri-bar-chart-line'),
	('ri ri-barcode-box-fill'),
	('ri ri-barcode-box-line'),
	('ri ri-barcode-fill'),
	('ri ri-barcode-line'),
	('ri ri-barricade-fill'),
	('ri ri-barricade-line'),
	('ri ri-base-station-fill'),
	('ri ri-base-station-line'),
	('ri ri-basketball-fill'),
	('ri ri-basketball-line'),
	('ri ri-battery-2-charge-fill'),
	('ri ri-battery-2-charge-line'),
	('ri ri-battery-2-fill'),
	('ri ri-battery-2-line'),
	('ri ri-battery-charge-fill'),
	('ri ri-battery-charge-line'),
	('ri ri-battery-fill'),
	('ri ri-battery-line'),
	('ri ri-battery-low-fill'),
	('ri ri-battery-low-line'),
	('ri ri-battery-saver-fill'),
	('ri ri-battery-saver-line'),
	('ri ri-battery-share-fill'),
	('ri ri-battery-share-line'),
	('ri ri-bear-smile-fill'),
	('ri ri-bear-smile-line'),
	('ri ri-behance-fill'),
	('ri ri-behance-line'),
	('ri ri-bell-fill'),
	('ri ri-bell-line'),
	('ri ri-bike-fill'),
	('ri ri-bike-line'),
	('ri ri-bilibili-fill'),
	('ri ri-bilibili-line'),
	('ri ri-bill-fill'),
	('ri ri-bill-line'),
	('ri ri-billiards-fill'),
	('ri ri-billiards-line'),
	('ri ri-bit-coin-fill'),
	('ri ri-bit-coin-line'),
	('ri ri-blaze-fill'),
	('ri ri-blaze-line'),
	('ri ri-bluetooth-connect-fill'),
	('ri ri-bluetooth-connect-line'),
	('ri ri-bluetooth-fill'),
	('ri ri-bluetooth-line'),
	('ri ri-blur-off-fill'),
	('ri ri-blur-off-line'),
	('ri ri-body-scan-fill'),
	('ri ri-body-scan-line'),
	('ri ri-bold'),
	('ri ri-book-2-fill'),
	('ri ri-book-2-line'),
	('ri ri-book-3-fill'),
	('ri ri-book-3-line'),
	('ri ri-book-fill'),
	('ri ri-book-line'),
	('ri ri-book-mark-fill'),
	('ri ri-book-mark-line'),
	('ri ri-book-open-fill'),
	('ri ri-book-open-line'),
	('ri ri-book-read-fill'),
	('ri ri-book-read-line'),
	('ri ri-booklet-fill'),
	('ri ri-booklet-line'),
	('ri ri-bookmark-2-fill'),
	('ri ri-bookmark-2-line'),
	('ri ri-bookmark-3-fill'),
	('ri ri-bookmark-3-line'),
	('ri ri-bookmark-fill'),
	('ri ri-bookmark-line'),
	('ri ri-boxing-fill'),
	('ri ri-boxing-line'),
	('ri ri-braces-fill'),
	('ri ri-braces-line'),
	('ri ri-brackets-fill'),
	('ri ri-brackets-line'),
	('ri ri-briefcase-2-fill'),
	('ri ri-briefcase-2-line'),
	('ri ri-briefcase-3-fill'),
	('ri ri-briefcase-3-line'),
	('ri ri-briefcase-4-fill'),
	('ri ri-briefcase-4-line'),
	('ri ri-briefcase-5-fill'),
	('ri ri-briefcase-5-line'),
	('ri ri-briefcase-fill'),
	('ri ri-briefcase-line'),
	('ri ri-bring-forward'),
	('ri ri-bring-to-front'),
	('ri ri-broadcast-fill'),
	('ri ri-broadcast-line'),
	('ri ri-brush-2-fill'),
	('ri ri-brush-2-line'),
	('ri ri-brush-3-fill'),
	('ri ri-brush-3-line'),
	('ri ri-brush-4-fill'),
	('ri ri-brush-4-line'),
	('ri ri-brush-fill'),
	('ri ri-brush-line'),
	('ri ri-bubble-chart-fill'),
	('ri ri-bubble-chart-line'),
	('ri ri-bug-2-fill'),
	('ri ri-bug-2-line'),
	('ri ri-bug-fill'),
	('ri ri-bug-line'),
	('ri ri-building-2-fill'),
	('ri ri-building-2-line'),
	('ri ri-building-3-fill'),
	('ri ri-building-3-line'),
	('ri ri-building-4-fill'),
	('ri ri-building-4-line'),
	('ri ri-building-fill'),
	('ri ri-building-line'),
	('ri ri-bus-2-fill'),
	('ri ri-bus-2-line'),
	('ri ri-bus-fill'),
	('ri ri-bus-line'),
	('ri ri-bus-wifi-fill'),
	('ri ri-bus-wifi-line'),
	('ri ri-cactus-fill'),
	('ri ri-cactus-line'),
	('ri ri-cake-2-fill'),
	('ri ri-cake-2-line'),
	('ri ri-cake-3-fill'),
	('ri ri-cake-3-line'),
	('ri ri-cake-fill'),
	('ri ri-cake-line'),
	('ri ri-calculator-fill'),
	('ri ri-calculator-line'),
	('ri ri-calendar-2-fill'),
	('ri ri-calendar-2-line'),
	('ri ri-calendar-check-fill'),
	('ri ri-calendar-check-line'),
	('ri ri-calendar-event-fill'),
	('ri ri-calendar-event-line'),
	('ri ri-calendar-fill'),
	('ri ri-calendar-line'),
	('ri ri-calendar-todo-fill'),
	('ri ri-calendar-todo-line'),
	('ri ri-camera-2-fill'),
	('ri ri-camera-2-line'),
	('ri ri-camera-3-fill'),
	('ri ri-camera-3-line'),
	('ri ri-camera-fill'),
	('ri ri-camera-lens-fill'),
	('ri ri-camera-lens-line'),
	('ri ri-camera-line'),
	('ri ri-camera-off-fill'),
	('ri ri-camera-off-line'),
	('ri ri-camera-switch-fill'),
	('ri ri-camera-switch-line'),
	('ri ri-capsule-fill'),
	('ri ri-capsule-line'),
	('ri ri-car-fill'),
	('ri ri-car-line'),
	('ri ri-car-washing-fill'),
	('ri ri-car-washing-line'),
	('ri ri-caravan-fill'),
	('ri ri-caravan-line'),
	('ri ri-cast-fill'),
	('ri ri-cast-line'),
	('ri ri-cellphone-fill'),
	('ri ri-cellphone-line'),
	('ri ri-celsius-fill'),
	('ri ri-celsius-line'),
	('ri ri-centos-fill'),
	('ri ri-centos-line'),
	('ri ri-character-recognition-fill'),
	('ri ri-character-recognition-line'),
	('ri ri-charging-pile-2-fill'),
	('ri ri-charging-pile-2-line'),
	('ri ri-charging-pile-fill'),
	('ri ri-charging-pile-line'),
	('ri ri-chat-1-fill'),
	('ri ri-chat-1-line'),
	('ri ri-chat-2-fill'),
	('ri ri-chat-2-line'),
	('ri ri-chat-3-fill'),
	('ri ri-chat-3-line'),
	('ri ri-chat-4-fill'),
	('ri ri-chat-4-line'),
	('ri ri-chat-check-fill'),
	('ri ri-chat-check-line'),
	('ri ri-chat-delete-fill'),
	('ri ri-chat-delete-line'),
	('ri ri-chat-download-fill'),
	('ri ri-chat-download-line'),
	('ri ri-chat-follow-up-fill'),
	('ri ri-chat-follow-up-line'),
	('ri ri-chat-forward-fill'),
	('ri ri-chat-forward-line'),
	('ri ri-chat-heart-fill'),
	('ri ri-chat-heart-line'),
	('ri ri-chat-history-fill'),
	('ri ri-chat-history-line'),
	('ri ri-chat-new-fill'),
	('ri ri-chat-new-line'),
	('ri ri-chat-off-fill'),
	('ri ri-chat-off-line'),
	('ri ri-chat-poll-fill'),
	('ri ri-chat-poll-line'),
	('ri ri-chat-private-fill'),
	('ri ri-chat-private-line'),
	('ri ri-chat-quote-fill'),
	('ri ri-chat-quote-line'),
	('ri ri-chat-settings-fill'),
	('ri ri-chat-settings-line'),
	('ri ri-chat-smile-2-fill'),
	('ri ri-chat-smile-2-line'),
	('ri ri-chat-smile-3-fill'),
	('ri ri-chat-smile-3-line'),
	('ri ri-chat-smile-fill'),
	('ri ri-chat-smile-line'),
	('ri ri-chat-upload-fill'),
	('ri ri-chat-upload-line'),
	('ri ri-chat-voice-fill'),
	('ri ri-chat-voice-line'),
	('ri ri-check-double-fill'),
	('ri ri-check-double-line'),
	('ri ri-check-fill'),
	('ri ri-check-line'),
	('ri ri-checkbox-blank-circle-fill'),
	('ri ri-checkbox-blank-circle-line'),
	('ri ri-checkbox-blank-fill'),
	('ri ri-checkbox-blank-line'),
	('ri ri-checkbox-circle-fill'),
	('ri ri-checkbox-circle-line'),
	('ri ri-checkbox-fill'),
	('ri ri-checkbox-indeterminate-fill'),
	('ri ri-checkbox-indeterminate-line'),
	('ri ri-checkbox-line'),
	('ri ri-checkbox-multiple-blank-fill'),
	('ri ri-checkbox-multiple-blank-line'),
	('ri ri-checkbox-multiple-fill'),
	('ri ri-checkbox-multiple-line'),
	('ri ri-china-railway-fill'),
	('ri ri-china-railway-line'),
	('ri ri-chrome-fill'),
	('ri ri-chrome-line'),
	('ri ri-clapperboard-fill'),
	('ri ri-clapperboard-line'),
	('ri ri-clipboard-fill'),
	('ri ri-clipboard-line'),
	('ri ri-clockwise-2-fill'),
	('ri ri-clockwise-2-line'),
	('ri ri-clockwise-fill'),
	('ri ri-clockwise-line'),
	('ri ri-close-circle-fill'),
	('ri ri-close-circle-line'),
	('ri ri-close-fill'),
	('ri ri-close-line'),
	('ri ri-closed-captioning-fill'),
	('ri ri-closed-captioning-line'),
	('ri ri-cloud-fill'),
	('ri ri-cloud-line'),
	('ri ri-cloud-off-fill'),
	('ri ri-cloud-off-line'),
	('ri ri-cloud-windy-fill'),
	('ri ri-cloud-windy-line'),
	('ri ri-cloudy-2-fill'),
	('ri ri-cloudy-2-line'),
	('ri ri-cloudy-fill'),
	('ri ri-cloudy-line'),
	('ri ri-code-box-fill'),
	('ri ri-code-box-line'),
	('ri ri-code-fill'),
	('ri ri-code-line'),
	('ri ri-code-s-fill'),
	('ri ri-code-s-line'),
	('ri ri-code-s-slash-fill'),
	('ri ri-code-s-slash-line'),
	('ri ri-code-view'),
	('ri ri-codepen-fill'),
	('ri ri-codepen-line'),
	('ri ri-coin-fill'),
	('ri ri-coin-line'),
	('ri ri-coins-fill'),
	('ri ri-coins-line'),
	('ri ri-collage-fill'),
	('ri ri-collage-line'),
	('ri ri-command-fill'),
	('ri ri-command-line'),
	('ri ri-community-fill'),
	('ri ri-community-line'),
	('ri ri-compass-2-fill'),
	('ri ri-compass-2-line'),
	('ri ri-compass-3-fill'),
	('ri ri-compass-3-line'),
	('ri ri-compass-4-fill'),
	('ri ri-compass-4-line'),
	('ri ri-compass-discover-fill'),
	('ri ri-compass-discover-line'),
	('ri ri-compass-fill'),
	('ri ri-compass-line'),
	('ri ri-compasses-2-fill'),
	('ri ri-compasses-2-line'),
	('ri ri-compasses-fill'),
	('ri ri-compasses-line'),
	('ri ri-computer-fill'),
	('ri ri-computer-line'),
	('ri ri-contacts-book-2-fill'),
	('ri ri-contacts-book-2-line'),
	('ri ri-contacts-book-fill'),
	('ri ri-contacts-book-line'),
	('ri ri-contacts-book-upload-fill'),
	('ri ri-contacts-book-upload-line'),
	('ri ri-contacts-fill'),
	('ri ri-contacts-line'),
	('ri ri-contrast-2-fill'),
	('ri ri-contrast-2-line'),
	('ri ri-contrast-drop-2-fill'),
	('ri ri-contrast-drop-2-line'),
	('ri ri-contrast-drop-fill'),
	('ri ri-contrast-drop-line'),
	('ri ri-contrast-fill'),
	('ri ri-contrast-line'),
	('ri ri-copper-coin-fill'),
	('ri ri-copper-coin-line'),
	('ri ri-copper-diamond-fill'),
	('ri ri-copper-diamond-line'),
	('ri ri-copyleft-fill'),
	('ri ri-copyleft-line'),
	('ri ri-copyright-fill'),
	('ri ri-copyright-line'),
	('ri ri-coreos-fill'),
	('ri ri-coreos-line'),
	('ri ri-coupon-2-fill'),
	('ri ri-coupon-2-line'),
	('ri ri-coupon-3-fill'),
	('ri ri-coupon-3-line'),
	('ri ri-coupon-4-fill'),
	('ri ri-coupon-4-line'),
	('ri ri-coupon-5-fill'),
	('ri ri-coupon-5-line'),
	('ri ri-coupon-fill'),
	('ri ri-coupon-line'),
	('ri ri-cpu-fill'),
	('ri ri-cpu-line'),
	('ri ri-creative-commons-by-fill'),
	('ri ri-creative-commons-by-line'),
	('ri ri-creative-commons-fill'),
	('ri ri-creative-commons-line'),
	('ri ri-creative-commons-nc-fill'),
	('ri ri-creative-commons-nc-line'),
	('ri ri-creative-commons-nd-fill'),
	('ri ri-creative-commons-nd-line'),
	('ri ri-creative-commons-sa-fill'),
	('ri ri-creative-commons-sa-line'),
	('ri ri-creative-commons-zero-fill'),
	('ri ri-creative-commons-zero-line'),
	('ri ri-criminal-fill'),
	('ri ri-criminal-line'),
	('ri ri-crop-2-fill'),
	('ri ri-crop-2-line'),
	('ri ri-crop-fill'),
	('ri ri-crop-line'),
	('ri ri-css3-fill'),
	('ri ri-css3-line'),
	('ri ri-cup-fill'),
	('ri ri-cup-line'),
	('ri ri-currency-fill'),
	('ri ri-currency-line'),
	('ri ri-cursor-fill'),
	('ri ri-cursor-line'),
	('ri ri-customer-service-2-fill'),
	('ri ri-customer-service-2-line'),
	('ri ri-customer-service-fill'),
	('ri ri-customer-service-line'),
	('ri ri-dashboard-2-fill'),
	('ri ri-dashboard-2-line'),
	('ri ri-dashboard-3-fill'),
	('ri ri-dashboard-3-line'),
	('ri ri-dashboard-fill'),
	('ri ri-dashboard-line'),
	('ri ri-database-2-fill'),
	('ri ri-database-2-line'),
	('ri ri-database-fill'),
	('ri ri-database-line'),
	('ri ri-delete-back-2-fill'),
	('ri ri-delete-back-2-line'),
	('ri ri-delete-back-fill'),
	('ri ri-delete-back-line'),
	('ri ri-delete-bin-2-fill'),
	('ri ri-delete-bin-2-line'),
	('ri ri-delete-bin-3-fill'),
	('ri ri-delete-bin-3-line'),
	('ri ri-delete-bin-4-fill'),
	('ri ri-delete-bin-4-line'),
	('ri ri-delete-bin-5-fill'),
	('ri ri-delete-bin-5-line'),
	('ri ri-delete-bin-6-fill'),
	('ri ri-delete-bin-6-line'),
	('ri ri-delete-bin-7-fill'),
	('ri ri-delete-bin-7-line'),
	('ri ri-delete-bin-fill'),
	('ri ri-delete-bin-line'),
	('ri ri-delete-column'),
	('ri ri-delete-row'),
	('ri ri-device-fill'),
	('ri ri-device-line'),
	('ri ri-device-recover-fill'),
	('ri ri-device-recover-line'),
	('ri ri-dingding-fill'),
	('ri ri-dingding-line'),
	('ri ri-direction-fill'),
	('ri ri-direction-line'),
	('ri ri-disc-fill'),
	('ri ri-disc-line'),
	('ri ri-discord-fill'),
	('ri ri-discord-line'),
	('ri ri-discuss-fill'),
	('ri ri-discuss-line'),
	('ri ri-dislike-fill'),
	('ri ri-dislike-line'),
	('ri ri-disqus-fill'),
	('ri ri-disqus-line'),
	('ri ri-divide-fill'),
	('ri ri-divide-line'),
	('ri ri-donut-chart-fill'),
	('ri ri-donut-chart-line'),
	('ri ri-door-closed-fill'),
	('ri ri-door-closed-line'),
	('ri ri-door-fill'),
	('ri ri-door-line'),
	('ri ri-door-lock-box-fill'),
	('ri ri-door-lock-box-line'),
	('ri ri-door-lock-fill'),
	('ri ri-door-lock-line'),
	('ri ri-door-open-fill'),
	('ri ri-door-open-line'),
	('ri ri-dossier-fill'),
	('ri ri-dossier-line'),
	('ri ri-douban-fill'),
	('ri ri-douban-line'),
	('ri ri-double-quotes-l'),
	('ri ri-double-quotes-r'),
	('ri ri-download-2-fill'),
	('ri ri-download-2-line'),
	('ri ri-download-cloud-2-fill'),
	('ri ri-download-cloud-2-line'),
	('ri ri-download-cloud-fill'),
	('ri ri-download-cloud-line'),
	('ri ri-download-fill'),
	('ri ri-download-line'),
	('ri ri-draft-fill'),
	('ri ri-draft-line'),
	('ri ri-drag-drop-fill'),
	('ri ri-drag-drop-line'),
	('ri ri-drag-move-2-fill'),
	('ri ri-drag-move-2-line'),
	('ri ri-drag-move-fill'),
	('ri ri-drag-move-line'),
	('ri ri-dribbble-fill'),
	('ri ri-dribbble-line'),
	('ri ri-drive-fill'),
	('ri ri-drive-line'),
	('ri ri-drizzle-fill'),
	('ri ri-drizzle-line'),
	('ri ri-drop-fill'),
	('ri ri-drop-line'),
	('ri ri-dropbox-fill'),
	('ri ri-dropbox-line'),
	('ri ri-dual-sim-1-fill'),
	('ri ri-dual-sim-1-line'),
	('ri ri-dual-sim-2-fill'),
	('ri ri-dual-sim-2-line'),
	('ri ri-dv-fill'),
	('ri ri-dv-line'),
	('ri ri-dvd-fill'),
	('ri ri-dvd-line'),
	('ri ri-e-bike-2-fill'),
	('ri ri-e-bike-2-line'),
	('ri ri-e-bike-fill'),
	('ri ri-e-bike-line'),
	('ri ri-earth-fill'),
	('ri ri-earth-line'),
	('ri ri-earthquake-fill'),
	('ri ri-earthquake-line'),
	('ri ri-edge-fill'),
	('ri ri-edge-line'),
	('ri ri-edit-2-fill'),
	('ri ri-edit-2-line'),
	('ri ri-edit-box-fill'),
	('ri ri-edit-box-line'),
	('ri ri-edit-circle-fill'),
	('ri ri-edit-circle-line'),
	('ri ri-edit-fill'),
	('ri ri-edit-line'),
	('ri ri-eject-fill'),
	('ri ri-eject-line'),
	('ri ri-emotion-2-fill'),
	('ri ri-emotion-2-line'),
	('ri ri-emotion-fill'),
	('ri ri-emotion-happy-fill'),
	('ri ri-emotion-happy-line'),
	('ri ri-emotion-laugh-fill'),
	('ri ri-emotion-laugh-line'),
	('ri ri-emotion-line'),
	('ri ri-emotion-normal-fill'),
	('ri ri-emotion-normal-line'),
	('ri ri-emotion-sad-fill'),
	('ri ri-emotion-sad-line'),
	('ri ri-emotion-unhappy-fill'),
	('ri ri-emotion-unhappy-line'),
	('ri ri-empathize-fill'),
	('ri ri-empathize-line'),
	('ri ri-emphasis'),
	('ri ri-emphasis-cn'),
	('ri ri-english-input'),
	('ri ri-equalizer-fill'),
	('ri ri-equalizer-line'),
	('ri ri-eraser-fill'),
	('ri ri-eraser-line'),
	('ri ri-error-warning-fill'),
	('ri ri-error-warning-line'),
	('ri ri-evernote-fill'),
	('ri ri-evernote-line'),
	('ri ri-exchange-box-fill'),
	('ri ri-exchange-box-line'),
	('ri ri-exchange-cny-fill'),
	('ri ri-exchange-cny-line'),
	('ri ri-exchange-dollar-fill'),
	('ri ri-exchange-dollar-line'),
	('ri ri-exchange-fill'),
	('ri ri-exchange-funds-fill'),
	('ri ri-exchange-funds-line'),
	('ri ri-exchange-line'),
	('ri ri-external-link-fill'),
	('ri ri-external-link-line'),
	('ri ri-eye-2-fill'),
	('ri ri-eye-2-line'),
	('ri ri-eye-close-fill'),
	('ri ri-eye-close-line'),
	('ri ri-eye-fill'),
	('ri ri-eye-line'),
	('ri ri-eye-off-fill'),
	('ri ri-eye-off-line'),
	('ri ri-facebook-box-fill'),
	('ri ri-facebook-box-line'),
	('ri ri-facebook-circle-fill'),
	('ri ri-facebook-circle-line'),
	('ri ri-facebook-fill'),
	('ri ri-facebook-line'),
	('ri ri-fahrenheit-fill'),
	('ri ri-fahrenheit-line'),
	('ri ri-feedback-fill'),
	('ri ri-feedback-line'),
	('ri ri-file-2-fill'),
	('ri ri-file-2-line'),
	('ri ri-file-3-fill'),
	('ri ri-file-3-line'),
	('ri ri-file-4-fill'),
	('ri ri-file-4-line'),
	('ri ri-file-add-fill'),
	('ri ri-file-add-line'),
	('ri ri-file-chart-2-fill'),
	('ri ri-file-chart-2-line'),
	('ri ri-file-chart-fill'),
	('ri ri-file-chart-line'),
	('ri ri-file-cloud-fill'),
	('ri ri-file-cloud-line'),
	('ri ri-file-code-fill'),
	('ri ri-file-code-line'),
	('ri ri-file-copy-2-fill'),
	('ri ri-file-copy-2-line'),
	('ri ri-file-copy-fill'),
	('ri ri-file-copy-line'),
	('ri ri-file-damage-fill'),
	('ri ri-file-damage-line'),
	('ri ri-file-download-fill'),
	('ri ri-file-download-line'),
	('ri ri-file-edit-fill'),
	('ri ri-file-edit-line'),
	('ri ri-file-excel-2-fill'),
	('ri ri-file-excel-2-line'),
	('ri ri-file-excel-fill'),
	('ri ri-file-excel-line'),
	('ri ri-file-fill'),
	('ri ri-file-forbid-fill'),
	('ri ri-file-forbid-line'),
	('ri ri-file-gif-fill'),
	('ri ri-file-gif-line'),
	('ri ri-file-history-fill'),
	('ri ri-file-history-line'),
	('ri ri-file-hwp-fill'),
	('ri ri-file-hwp-line'),
	('ri ri-file-info-fill'),
	('ri ri-file-info-line'),
	('ri ri-file-line'),
	('ri ri-file-list-2-fill'),
	('ri ri-file-list-2-line'),
	('ri ri-file-list-3-fill'),
	('ri ri-file-list-3-line'),
	('ri ri-file-list-fill'),
	('ri ri-file-list-line'),
	('ri ri-file-lock-fill'),
	('ri ri-file-lock-line'),
	('ri ri-file-mark-fill'),
	('ri ri-file-mark-line'),
	('ri ri-file-music-fill'),
	('ri ri-file-music-line'),
	('ri ri-file-paper-2-fill'),
	('ri ri-file-paper-2-line'),
	('ri ri-file-paper-fill'),
	('ri ri-file-paper-line'),
	('ri ri-file-pdf-fill'),
	('ri ri-file-pdf-line'),
	('ri ri-file-ppt-2-fill'),
	('ri ri-file-ppt-2-line'),
	('ri ri-file-ppt-fill'),
	('ri ri-file-ppt-line'),
	('ri ri-file-reduce-fill'),
	('ri ri-file-reduce-line'),
	('ri ri-file-search-fill'),
	('ri ri-file-search-line'),
	('ri ri-file-settings-fill'),
	('ri ri-file-settings-line'),
	('ri ri-file-shield-2-fill'),
	('ri ri-file-shield-2-line'),
	('ri ri-file-shield-fill'),
	('ri ri-file-shield-line'),
	('ri ri-file-shred-fill'),
	('ri ri-file-shred-line'),
	('ri ri-file-text-fill'),
	('ri ri-file-text-line'),
	('ri ri-file-transfer-fill'),
	('ri ri-file-transfer-line'),
	('ri ri-file-unknow-fill'),
	('ri ri-file-unknow-line'),
	('ri ri-file-upload-fill'),
	('ri ri-file-upload-line'),
	('ri ri-file-user-fill'),
	('ri ri-file-user-line'),
	('ri ri-file-warning-fill'),
	('ri ri-file-warning-line'),
	('ri ri-file-word-2-fill'),
	('ri ri-file-word-2-line'),
	('ri ri-file-word-fill'),
	('ri ri-file-word-line'),
	('ri ri-file-zip-fill'),
	('ri ri-file-zip-line'),
	('ri ri-film-fill'),
	('ri ri-film-line'),
	('ri ri-filter-2-fill'),
	('ri ri-filter-2-line'),
	('ri ri-filter-3-fill'),
	('ri ri-filter-3-line'),
	('ri ri-filter-fill'),
	('ri ri-filter-line'),
	('ri ri-filter-off-fill'),
	('ri ri-filter-off-line'),
	('ri ri-find-replace-fill'),
	('ri ri-find-replace-line'),
	('ri ri-finder-fill'),
	('ri ri-finder-line'),
	('ri ri-fingerprint-2-fill'),
	('ri ri-fingerprint-2-line'),
	('ri ri-fingerprint-fill'),
	('ri ri-fingerprint-line'),
	('ri ri-fire-fill'),
	('ri ri-fire-line'),
	('ri ri-firefox-fill'),
	('ri ri-firefox-line'),
	('ri ri-first-aid-kit-fill'),
	('ri ri-first-aid-kit-line'),
	('ri ri-flag-2-fill'),
	('ri ri-flag-2-line'),
	('ri ri-flag-fill'),
	('ri ri-flag-line'),
	('ri ri-flashlight-fill'),
	('ri ri-flashlight-line'),
	('ri ri-flask-fill'),
	('ri ri-flask-line'),
	('ri ri-flight-land-fill'),
	('ri ri-flight-land-line'),
	('ri ri-flight-takeoff-fill'),
	('ri ri-flight-takeoff-line'),
	('ri ri-flood-fill'),
	('ri ri-flood-line'),
	('ri ri-flow-chart'),
	('ri ri-flutter-fill'),
	('ri ri-flutter-line'),
	('ri ri-focus-2-fill'),
	('ri ri-focus-2-line'),
	('ri ri-focus-3-fill'),
	('ri ri-focus-3-line'),
	('ri ri-focus-fill'),
	('ri ri-focus-line'),
	('ri ri-foggy-fill'),
	('ri ri-foggy-line'),
	('ri ri-folder-2-fill'),
	('ri ri-folder-2-line'),
	('ri ri-folder-3-fill'),
	('ri ri-folder-3-line'),
	('ri ri-folder-4-fill'),
	('ri ri-folder-4-line'),
	('ri ri-folder-5-fill'),
	('ri ri-folder-5-line'),
	('ri ri-folder-add-fill'),
	('ri ri-folder-add-line'),
	('ri ri-folder-chart-2-fill'),
	('ri ri-folder-chart-2-line'),
	('ri ri-folder-chart-fill'),
	('ri ri-folder-chart-line'),
	('ri ri-folder-download-fill'),
	('ri ri-folder-download-line'),
	('ri ri-folder-fill'),
	('ri ri-folder-forbid-fill'),
	('ri ri-folder-forbid-line'),
	('ri ri-folder-history-fill'),
	('ri ri-folder-history-line'),
	('ri ri-folder-info-fill'),
	('ri ri-folder-info-line'),
	('ri ri-folder-keyhole-fill'),
	('ri ri-folder-keyhole-line'),
	('ri ri-folder-line'),
	('ri ri-folder-lock-fill'),
	('ri ri-folder-lock-line'),
	('ri ri-folder-music-fill'),
	('ri ri-folder-music-line'),
	('ri ri-folder-open-fill'),
	('ri ri-folder-open-line'),
	('ri ri-folder-received-fill'),
	('ri ri-folder-received-line'),
	('ri ri-folder-reduce-fill'),
	('ri ri-folder-reduce-line'),
	('ri ri-folder-settings-fill'),
	('ri ri-folder-settings-line'),
	('ri ri-folder-shared-fill'),
	('ri ri-folder-shared-line'),
	('ri ri-folder-shield-2-fill'),
	('ri ri-folder-shield-2-line'),
	('ri ri-folder-shield-fill'),
	('ri ri-folder-shield-line'),
	('ri ri-folder-transfer-fill'),
	('ri ri-folder-transfer-line'),
	('ri ri-folder-unknow-fill'),
	('ri ri-folder-unknow-line'),
	('ri ri-folder-upload-fill'),
	('ri ri-folder-upload-line'),
	('ri ri-folder-user-fill'),
	('ri ri-folder-user-line'),
	('ri ri-folder-warning-fill'),
	('ri ri-folder-warning-line'),
	('ri ri-folder-zip-fill'),
	('ri ri-folder-zip-line'),
	('ri ri-folders-fill'),
	('ri ri-folders-line'),
	('ri ri-font-color'),
	('ri ri-font-size'),
	('ri ri-font-size-2'),
	('ri ri-football-fill'),
	('ri ri-football-line'),
	('ri ri-footprint-fill'),
	('ri ri-footprint-line'),
	('ri ri-forbid-2-fill'),
	('ri ri-forbid-2-line'),
	('ri ri-forbid-fill'),
	('ri ri-forbid-line'),
	('ri ri-format-clear'),
	('ri ri-fridge-fill'),
	('ri ri-fridge-line'),
	('ri ri-fullscreen-exit-fill'),
	('ri ri-fullscreen-exit-line'),
	('ri ri-fullscreen-fill'),
	('ri ri-fullscreen-line'),
	('ri ri-function-fill'),
	('ri ri-function-line'),
	('ri ri-functions'),
	('ri ri-funds-box-fill'),
	('ri ri-funds-box-line'),
	('ri ri-funds-fill'),
	('ri ri-funds-line'),
	('ri ri-gallery-fill'),
	('ri ri-gallery-line'),
	('ri ri-gallery-upload-fill'),
	('ri ri-gallery-upload-line'),
	('ri ri-game-fill'),
	('ri ri-game-line'),
	('ri ri-gamepad-fill'),
	('ri ri-gamepad-line'),
	('ri ri-gas-station-fill'),
	('ri ri-gas-station-line'),
	('ri ri-gatsby-fill'),
	('ri ri-gatsby-line'),
	('ri ri-genderless-fill'),
	('ri ri-genderless-line'),
	('ri ri-ghost-2-fill'),
	('ri ri-ghost-2-line'),
	('ri ri-ghost-fill'),
	('ri ri-ghost-line'),
	('ri ri-ghost-smile-fill'),
	('ri ri-ghost-smile-line'),
	('ri ri-gift-2-fill'),
	('ri ri-gift-2-line'),
	('ri ri-gift-fill'),
	('ri ri-gift-line'),
	('ri ri-git-branch-fill'),
	('ri ri-git-branch-line'),
	('ri ri-git-commit-fill'),
	('ri ri-git-commit-line'),
	('ri ri-git-merge-fill'),
	('ri ri-git-merge-line'),
	('ri ri-git-pull-request-fill'),
	('ri ri-git-pull-request-line'),
	('ri ri-git-repository-commits-fill'),
	('ri ri-git-repository-commits-line'),
	('ri ri-git-repository-fill'),
	('ri ri-git-repository-line'),
	('ri ri-git-repository-private-fill'),
	('ri ri-git-repository-private-line'),
	('ri ri-github-fill'),
	('ri ri-github-line'),
	('ri ri-gitlab-fill'),
	('ri ri-gitlab-line'),
	('ri ri-global-fill'),
	('ri ri-global-line'),
	('ri ri-globe-fill'),
	('ri ri-globe-line'),
	('ri ri-goblet-fill'),
	('ri ri-goblet-line'),
	('ri ri-google-fill'),
	('ri ri-google-line'),
	('ri ri-google-play-fill'),
	('ri ri-google-play-line'),
	('ri ri-government-fill'),
	('ri ri-government-line'),
	('ri ri-gps-fill'),
	('ri ri-gps-line'),
	('ri ri-gradienter-fill'),
	('ri ri-gradienter-line'),
	('ri ri-grid-fill'),
	('ri ri-grid-line'),
	('ri ri-group-2-fill'),
	('ri ri-group-2-line'),
	('ri ri-group-fill'),
	('ri ri-group-line'),
	('ri ri-guide-fill'),
	('ri ri-guide-line'),
	('ri ri-h-1'),
	('ri ri-h-2'),
	('ri ri-h-3'),
	('ri ri-h-4'),
	('ri ri-h-5'),
	('ri ri-h-6'),
	('ri ri-hail-fill'),
	('ri ri-hail-line'),
	('ri ri-hammer-fill'),
	('ri ri-hammer-line'),
	('ri ri-hand-coin-fill'),
	('ri ri-hand-coin-line'),
	('ri ri-hand-heart-fill'),
	('ri ri-hand-heart-line'),
	('ri ri-hand-sanitizer-fill'),
	('ri ri-hand-sanitizer-line'),
	('ri ri-handbag-fill'),
	('ri ri-handbag-line'),
	('ri ri-hard-drive-2-fill'),
	('ri ri-hard-drive-2-line'),
	('ri ri-hard-drive-fill'),
	('ri ri-hard-drive-line'),
	('ri ri-hashtag'),
	('ri ri-haze-2-fill'),
	('ri ri-haze-2-line'),
	('ri ri-haze-fill'),
	('ri ri-haze-line'),
	('ri ri-hd-fill'),
	('ri ri-hd-line'),
	('ri ri-heading'),
	('ri ri-headphone-fill'),
	('ri ri-headphone-line'),
	('ri ri-health-book-fill'),
	('ri ri-health-book-line'),
	('ri ri-heart-2-fill'),
	('ri ri-heart-2-line'),
	('ri ri-heart-3-fill'),
	('ri ri-heart-3-line'),
	('ri ri-heart-add-fill'),
	('ri ri-heart-add-line'),
	('ri ri-heart-fill'),
	('ri ri-heart-line'),
	('ri ri-heart-pulse-fill'),
	('ri ri-heart-pulse-line'),
	('ri ri-hearts-fill'),
	('ri ri-hearts-line'),
	('ri ri-heavy-showers-fill'),
	('ri ri-heavy-showers-line'),
	('ri ri-history-fill'),
	('ri ri-history-line'),
	('ri ri-home-2-fill'),
	('ri ri-home-2-line'),
	('ri ri-home-3-fill'),
	('ri ri-home-3-line'),
	('ri ri-home-4-fill'),
	('ri ri-home-4-line'),
	('ri ri-home-5-fill'),
	('ri ri-home-5-line'),
	('ri ri-home-6-fill'),
	('ri ri-home-6-line'),
	('ri ri-home-7-fill'),
	('ri ri-home-7-line'),
	('ri ri-home-8-fill'),
	('ri ri-home-8-line'),
	('ri ri-home-fill'),
	('ri ri-home-gear-fill'),
	('ri ri-home-gear-line'),
	('ri ri-home-heart-fill'),
	('ri ri-home-heart-line'),
	('ri ri-home-line'),
	('ri ri-home-smile-2-fill'),
	('ri ri-home-smile-2-line'),
	('ri ri-home-smile-fill'),
	('ri ri-home-smile-line'),
	('ri ri-home-wifi-fill'),
	('ri ri-home-wifi-line'),
	('ri ri-honor-of-kings-fill'),
	('ri ri-honor-of-kings-line'),
	('ri ri-honour-fill'),
	('ri ri-honour-line'),
	('ri ri-hospital-fill'),
	('ri ri-hospital-line'),
	('ri ri-hotel-bed-fill'),
	('ri ri-hotel-bed-line'),
	('ri ri-hotel-fill'),
	('ri ri-hotel-line'),
	('ri ri-hotspot-fill'),
	('ri ri-hotspot-line'),
	('ri ri-hq-fill'),
	('ri ri-hq-line'),
	('ri ri-html5-fill'),
	('ri ri-html5-line'),
	('ri ri-ie-fill'),
	('ri ri-ie-line'),
	('ri ri-image-2-fill'),
	('ri ri-image-2-line'),
	('ri ri-image-add-fill'),
	('ri ri-image-add-line'),
	('ri ri-image-edit-fill'),
	('ri ri-image-edit-line'),
	('ri ri-image-fill'),
	('ri ri-image-line'),
	('ri ri-inbox-archive-fill'),
	('ri ri-inbox-archive-line'),
	('ri ri-inbox-fill'),
	('ri ri-inbox-line'),
	('ri ri-inbox-unarchive-fill'),
	('ri ri-inbox-unarchive-line'),
	('ri ri-increase-decrease-fill'),
	('ri ri-increase-decrease-line'),
	('ri ri-indent-decrease'),
	('ri ri-indent-increase'),
	('ri ri-indeterminate-circle-fill'),
	('ri ri-indeterminate-circle-line'),
	('ri ri-information-fill'),
	('ri ri-information-line'),
	('ri ri-infrared-thermometer-fill'),
	('ri ri-infrared-thermometer-line'),
	('ri ri-ink-bottle-fill'),
	('ri ri-ink-bottle-line'),
	('ri ri-input-cursor-move'),
	('ri ri-input-method-fill'),
	('ri ri-input-method-line'),
	('ri ri-insert-column-left'),
	('ri ri-insert-column-right'),
	('ri ri-insert-row-bottom'),
	('ri ri-insert-row-top'),
	('ri ri-instagram-fill'),
	('ri ri-instagram-line'),
	('ri ri-install-fill'),
	('ri ri-install-line'),
	('ri ri-invision-fill'),
	('ri ri-invision-line'),
	('ri ri-italic'),
	('ri ri-kakao-talk-fill'),
	('ri ri-kakao-talk-line'),
	('ri ri-key-2-fill'),
	('ri ri-key-2-line'),
	('ri ri-key-fill'),
	('ri ri-key-line'),
	('ri ri-keyboard-box-fill'),
	('ri ri-keyboard-box-line'),
	('ri ri-keyboard-fill'),
	('ri ri-keyboard-line'),
	('ri ri-keynote-fill'),
	('ri ri-keynote-line'),
	('ri ri-knife-blood-fill'),
	('ri ri-knife-blood-line'),
	('ri ri-knife-fill'),
	('ri ri-knife-line'),
	('ri ri-landscape-fill'),
	('ri ri-landscape-line'),
	('ri ri-layout-2-fill'),
	('ri ri-layout-2-line'),
	('ri ri-layout-3-fill'),
	('ri ri-layout-3-line'),
	('ri ri-layout-4-fill'),
	('ri ri-layout-4-line'),
	('ri ri-layout-5-fill'),
	('ri ri-layout-5-line'),
	('ri ri-layout-6-fill'),
	('ri ri-layout-6-line'),
	('ri ri-layout-bottom-2-fill'),
	('ri ri-layout-bottom-2-line'),
	('ri ri-layout-bottom-fill'),
	('ri ri-layout-bottom-line'),
	('ri ri-layout-column-fill'),
	('ri ri-layout-column-line'),
	('ri ri-layout-fill'),
	('ri ri-layout-grid-fill'),
	('ri ri-layout-grid-line'),
	('ri ri-layout-left-2-fill'),
	('ri ri-layout-left-2-line'),
	('ri ri-layout-left-fill'),
	('ri ri-layout-left-line'),
	('ri ri-layout-line'),
	('ri ri-layout-masonry-fill'),
	('ri ri-layout-masonry-line'),
	('ri ri-layout-right-2-fill'),
	('ri ri-layout-right-2-line'),
	('ri ri-layout-right-fill'),
	('ri ri-layout-right-line'),
	('ri ri-layout-row-fill'),
	('ri ri-layout-row-line'),
	('ri ri-layout-top-2-fill'),
	('ri ri-layout-top-2-line'),
	('ri ri-layout-top-fill'),
	('ri ri-layout-top-line'),
	('ri ri-leaf-fill'),
	('ri ri-leaf-line'),
	('ri ri-lifebuoy-fill'),
	('ri ri-lifebuoy-line'),
	('ri ri-lightbulb-fill'),
	('ri ri-lightbulb-flash-fill'),
	('ri ri-lightbulb-flash-line'),
	('ri ri-lightbulb-line'),
	('ri ri-line-chart-fill'),
	('ri ri-line-chart-line'),
	('ri ri-line-fill'),
	('ri ri-line-height'),
	('ri ri-line-line'),
	('ri ri-link'),
	('ri ri-link-m'),
	('ri ri-link-unlink'),
	('ri ri-link-unlink-m'),
	('ri ri-linkedin-box-fill'),
	('ri ri-linkedin-box-line'),
	('ri ri-linkedin-fill'),
	('ri ri-linkedin-line'),
	('ri ri-links-fill'),
	('ri ri-links-line'),
	('ri ri-list-check'),
	('ri ri-list-check-2'),
	('ri ri-list-ordered'),
	('ri ri-list-settings-fill'),
	('ri ri-list-settings-line'),
	('ri ri-list-unordered'),
	('ri ri-live-fill'),
	('ri ri-live-line'),
	('ri ri-loader-2-fill'),
	('ri ri-loader-2-line'),
	('ri ri-loader-3-fill'),
	('ri ri-loader-3-line'),
	('ri ri-loader-4-fill'),
	('ri ri-loader-4-line'),
	('ri ri-loader-5-fill'),
	('ri ri-loader-5-line'),
	('ri ri-loader-fill'),
	('ri ri-loader-line'),
	('ri ri-lock-2-fill'),
	('ri ri-lock-2-line'),
	('ri ri-lock-fill'),
	('ri ri-lock-line'),
	('ri ri-lock-password-fill'),
	('ri ri-lock-password-line'),
	('ri ri-lock-unlock-fill'),
	('ri ri-lock-unlock-line'),
	('ri ri-login-box-fill'),
	('ri ri-login-box-line'),
	('ri ri-login-circle-fill'),
	('ri ri-login-circle-line'),
	('ri ri-logout-box-fill'),
	('ri ri-logout-box-line'),
	('ri ri-logout-box-r-fill'),
	('ri ri-logout-box-r-line'),
	('ri ri-logout-circle-fill'),
	('ri ri-logout-circle-line'),
	('ri ri-logout-circle-r-fill'),
	('ri ri-logout-circle-r-line'),
	('ri ri-luggage-cart-fill'),
	('ri ri-luggage-cart-line'),
	('ri ri-luggage-deposit-fill'),
	('ri ri-luggage-deposit-line'),
	('ri ri-lungs-fill'),
	('ri ri-lungs-line'),
	('ri ri-mac-fill'),
	('ri ri-mac-line'),
	('ri ri-macbook-fill'),
	('ri ri-macbook-line'),
	('ri ri-magic-fill'),
	('ri ri-magic-line'),
	('ri ri-mail-add-fill'),
	('ri ri-mail-add-line'),
	('ri ri-mail-check-fill'),
	('ri ri-mail-check-line'),
	('ri ri-mail-close-fill'),
	('ri ri-mail-close-line'),
	('ri ri-mail-download-fill'),
	('ri ri-mail-download-line'),
	('ri ri-mail-fill'),
	('ri ri-mail-forbid-fill'),
	('ri ri-mail-forbid-line'),
	('ri ri-mail-line'),
	('ri ri-mail-lock-fill'),
	('ri ri-mail-lock-line'),
	('ri ri-mail-open-fill'),
	('ri ri-mail-open-line'),
	('ri ri-mail-send-fill'),
	('ri ri-mail-send-line'),
	('ri ri-mail-settings-fill'),
	('ri ri-mail-settings-line'),
	('ri ri-mail-star-fill'),
	('ri ri-mail-star-line'),
	('ri ri-mail-unread-fill'),
	('ri ri-mail-unread-line'),
	('ri ri-mail-volume-fill'),
	('ri ri-mail-volume-line'),
	('ri ri-map-2-fill'),
	('ri ri-map-2-line'),
	('ri ri-map-fill'),
	('ri ri-map-line'),
	('ri ri-map-pin-2-fill'),
	('ri ri-map-pin-2-line'),
	('ri ri-map-pin-3-fill'),
	('ri ri-map-pin-3-line'),
	('ri ri-map-pin-4-fill'),
	('ri ri-map-pin-4-line'),
	('ri ri-map-pin-5-fill'),
	('ri ri-map-pin-5-line'),
	('ri ri-map-pin-add-fill'),
	('ri ri-map-pin-add-line'),
	('ri ri-map-pin-fill'),
	('ri ri-map-pin-line'),
	('ri ri-map-pin-range-fill'),
	('ri ri-map-pin-range-line'),
	('ri ri-map-pin-time-fill'),
	('ri ri-map-pin-time-line'),
	('ri ri-map-pin-user-fill'),
	('ri ri-map-pin-user-line'),
	('ri ri-mark-pen-fill'),
	('ri ri-mark-pen-line'),
	('ri ri-markdown-fill'),
	('ri ri-markdown-line'),
	('ri ri-markup-fill'),
	('ri ri-markup-line'),
	('ri ri-mastercard-fill'),
	('ri ri-mastercard-line'),
	('ri ri-mastodon-fill'),
	('ri ri-mastodon-line'),
	('ri ri-medal-2-fill'),
	('ri ri-medal-2-line'),
	('ri ri-medal-fill'),
	('ri ri-medal-line'),
	('ri ri-medicine-bottle-fill'),
	('ri ri-medicine-bottle-line'),
	('ri ri-medium-fill'),
	('ri ri-medium-line'),
	('ri ri-men-fill'),
	('ri ri-men-line'),
	('ri ri-mental-health-fill'),
	('ri ri-mental-health-line'),
	('ri ri-menu-2-fill'),
	('ri ri-menu-2-line'),
	('ri ri-menu-3-fill'),
	('ri ri-menu-3-line'),
	('ri ri-menu-4-fill'),
	('ri ri-menu-4-line'),
	('ri ri-menu-5-fill'),
	('ri ri-menu-5-line'),
	('ri ri-menu-add-fill'),
	('ri ri-menu-add-line'),
	('ri ri-menu-fill'),
	('ri ri-menu-fold-fill'),
	('ri ri-menu-fold-line'),
	('ri ri-menu-line'),
	('ri ri-menu-unfold-fill'),
	('ri ri-menu-unfold-line'),
	('ri ri-merge-cells-horizontal'),
	('ri ri-merge-cells-vertical'),
	('ri ri-message-2-fill'),
	('ri ri-message-2-line'),
	('ri ri-message-3-fill'),
	('ri ri-message-3-line'),
	('ri ri-message-fill'),
	('ri ri-message-line'),
	('ri ri-messenger-fill'),
	('ri ri-messenger-line'),
	('ri ri-meteor-fill'),
	('ri ri-meteor-line'),
	('ri ri-mic-2-fill'),
	('ri ri-mic-2-line'),
	('ri ri-mic-fill'),
	('ri ri-mic-line'),
	('ri ri-mic-off-fill'),
	('ri ri-mic-off-line'),
	('ri ri-mickey-fill'),
	('ri ri-mickey-line'),
	('ri ri-microscope-fill'),
	('ri ri-microscope-line'),
	('ri ri-microsoft-fill'),
	('ri ri-microsoft-line'),
	('ri ri-mind-map'),
	('ri ri-mini-program-fill'),
	('ri ri-mini-program-line'),
	('ri ri-mist-fill'),
	('ri ri-mist-line'),
	('ri ri-money-cny-box-fill'),
	('ri ri-money-cny-box-line'),
	('ri ri-money-cny-circle-fill'),
	('ri ri-money-cny-circle-line'),
	('ri ri-money-dollar-box-fill'),
	('ri ri-money-dollar-box-line'),
	('ri ri-money-dollar-circle-fill'),
	('ri ri-money-dollar-circle-line'),
	('ri ri-money-euro-box-fill'),
	('ri ri-money-euro-box-line'),
	('ri ri-money-euro-circle-fill'),
	('ri ri-money-euro-circle-line'),
	('ri ri-money-pound-box-fill'),
	('ri ri-money-pound-box-line'),
	('ri ri-money-pound-circle-fill'),
	('ri ri-money-pound-circle-line'),
	('ri ri-moon-clear-fill'),
	('ri ri-moon-clear-line'),
	('ri ri-moon-cloudy-fill'),
	('ri ri-moon-cloudy-line'),
	('ri ri-moon-fill'),
	('ri ri-moon-foggy-fill'),
	('ri ri-moon-foggy-line'),
	('ri ri-moon-line'),
	('ri ri-more-2-fill'),
	('ri ri-more-2-line'),
	('ri ri-more-fill'),
	('ri ri-more-line'),
	('ri ri-motorbike-fill'),
	('ri ri-motorbike-line'),
	('ri ri-mouse-fill'),
	('ri ri-mouse-line'),
	('ri ri-movie-2-fill'),
	('ri ri-movie-2-line'),
	('ri ri-movie-fill'),
	('ri ri-movie-line'),
	('ri ri-music-2-fill'),
	('ri ri-music-2-line'),
	('ri ri-music-fill'),
	('ri ri-music-line'),
	('ri ri-mv-fill'),
	('ri ri-mv-line'),
	('ri ri-navigation-fill'),
	('ri ri-navigation-line'),
	('ri ri-netease-cloud-music-fill'),
	('ri ri-netease-cloud-music-line'),
	('ri ri-netflix-fill'),
	('ri ri-netflix-line'),
	('ri ri-newspaper-fill'),
	('ri ri-newspaper-line'),
	('ri ri-node-tree'),
	('ri ri-notification-2-fill'),
	('ri ri-notification-2-line'),
	('ri ri-notification-3-fill'),
	('ri ri-notification-3-line'),
	('ri ri-notification-4-fill'),
	('ri ri-notification-4-line'),
	('ri ri-notification-badge-fill'),
	('ri ri-notification-badge-line'),
	('ri ri-notification-fill'),
	('ri ri-notification-line'),
	('ri ri-notification-off-fill'),
	('ri ri-notification-off-line'),
	('ri ri-npmjs-fill'),
	('ri ri-npmjs-line'),
	('ri ri-number-0'),
	('ri ri-number-1'),
	('ri ri-number-2'),
	('ri ri-number-3'),
	('ri ri-number-4'),
	('ri ri-number-5'),
	('ri ri-number-6'),
	('ri ri-number-7'),
	('ri ri-number-8'),
	('ri ri-number-9'),
	('ri ri-numbers-fill'),
	('ri ri-numbers-line'),
	('ri ri-nurse-fill'),
	('ri ri-nurse-line'),
	('ri ri-oil-fill'),
	('ri ri-oil-line'),
	('ri ri-omega'),
	('ri ri-open-arm-fill'),
	('ri ri-open-arm-line'),
	('ri ri-open-source-fill'),
	('ri ri-open-source-line'),
	('ri ri-opera-fill'),
	('ri ri-opera-line'),
	('ri ri-order-play-fill'),
	('ri ri-order-play-line'),
	('ri ri-organization-chart'),
	('ri ri-outlet-2-fill'),
	('ri ri-outlet-2-line'),
	('ri ri-outlet-fill'),
	('ri ri-outlet-line'),
	('ri ri-page-separator'),
	('ri ri-pages-fill'),
	('ri ri-pages-line'),
	('ri ri-paint-brush-fill'),
	('ri ri-paint-brush-line'),
	('ri ri-paint-fill'),
	('ri ri-paint-line'),
	('ri ri-palette-fill'),
	('ri ri-palette-line'),
	('ri ri-pantone-fill'),
	('ri ri-pantone-line'),
	('ri ri-paragraph'),
	('ri ri-parent-fill'),
	('ri ri-parent-line'),
	('ri ri-parentheses-fill'),
	('ri ri-parentheses-line'),
	('ri ri-parking-box-fill'),
	('ri ri-parking-box-line'),
	('ri ri-parking-fill'),
	('ri ri-parking-line'),
	('ri ri-passport-fill'),
	('ri ri-passport-line'),
	('ri ri-patreon-fill'),
	('ri ri-patreon-line'),
	('ri ri-pause-circle-fill'),
	('ri ri-pause-circle-line'),
	('ri ri-pause-fill'),
	('ri ri-pause-line'),
	('ri ri-pause-mini-fill'),
	('ri ri-pause-mini-line'),
	('ri ri-paypal-fill'),
	('ri ri-paypal-line'),
	('ri ri-pen-nib-fill'),
	('ri ri-pen-nib-line'),
	('ri ri-pencil-fill'),
	('ri ri-pencil-line'),
	('ri ri-pencil-ruler-2-fill'),
	('ri ri-pencil-ruler-2-line'),
	('ri ri-pencil-ruler-fill'),
	('ri ri-pencil-ruler-line'),
	('ri ri-percent-fill'),
	('ri ri-percent-line'),
	('ri ri-phone-camera-fill'),
	('ri ri-phone-camera-line'),
	('ri ri-phone-fill'),
	('ri ri-phone-find-fill'),
	('ri ri-phone-find-line'),
	('ri ri-phone-line'),
	('ri ri-phone-lock-fill'),
	('ri ri-phone-lock-line'),
	('ri ri-picture-in-picture-2-fill'),
	('ri ri-picture-in-picture-2-line'),
	('ri ri-picture-in-picture-exit-fill'),
	('ri ri-picture-in-picture-exit-line'),
	('ri ri-picture-in-picture-fill'),
	('ri ri-picture-in-picture-line'),
	('ri ri-pie-chart-2-fill'),
	('ri ri-pie-chart-2-line'),
	('ri ri-pie-chart-box-fill'),
	('ri ri-pie-chart-box-line'),
	('ri ri-pie-chart-fill'),
	('ri ri-pie-chart-line'),
	('ri ri-pin-distance-fill'),
	('ri ri-pin-distance-line'),
	('ri ri-ping-pong-fill'),
	('ri ri-ping-pong-line'),
	('ri ri-pinterest-fill'),
	('ri ri-pinterest-line'),
	('ri ri-pinyin-input'),
	('ri ri-pixelfed-fill'),
	('ri ri-pixelfed-line'),
	('ri ri-plane-fill'),
	('ri ri-plane-line'),
	('ri ri-plant-fill'),
	('ri ri-plant-line'),
	('ri ri-play-circle-fill'),
	('ri ri-play-circle-line'),
	('ri ri-play-fill'),
	('ri ri-play-line'),
	('ri ri-play-list-2-fill'),
	('ri ri-play-list-2-line'),
	('ri ri-play-list-add-fill'),
	('ri ri-play-list-add-line'),
	('ri ri-play-list-fill'),
	('ri ri-play-list-line'),
	('ri ri-play-mini-fill'),
	('ri ri-play-mini-line'),
	('ri ri-playstation-fill'),
	('ri ri-playstation-line'),
	('ri ri-plug-2-fill'),
	('ri ri-plug-2-line'),
	('ri ri-plug-fill'),
	('ri ri-plug-line'),
	('ri ri-polaroid-2-fill'),
	('ri ri-polaroid-2-line'),
	('ri ri-polaroid-fill'),
	('ri ri-polaroid-line'),
	('ri ri-police-car-fill'),
	('ri ri-police-car-line'),
	('ri ri-price-tag-2-fill'),
	('ri ri-price-tag-2-line'),
	('ri ri-price-tag-3-fill'),
	('ri ri-price-tag-3-line'),
	('ri ri-price-tag-fill'),
	('ri ri-price-tag-line'),
	('ri ri-printer-cloud-fill'),
	('ri ri-printer-cloud-line'),
	('ri ri-printer-fill'),
	('ri ri-printer-line'),
	('ri ri-product-hunt-fill'),
	('ri ri-product-hunt-line'),
	('ri ri-profile-fill'),
	('ri ri-profile-line'),
	('ri ri-projector-2-fill'),
	('ri ri-projector-2-line'),
	('ri ri-projector-fill'),
	('ri ri-projector-line'),
	('ri ri-psychotherapy-fill'),
	('ri ri-psychotherapy-line'),
	('ri ri-pulse-fill'),
	('ri ri-pulse-line'),
	('ri ri-pushpin-2-fill'),
	('ri ri-pushpin-2-line'),
	('ri ri-pushpin-fill'),
	('ri ri-pushpin-line'),
	('ri ri-qq-fill'),
	('ri ri-qq-line'),
	('ri ri-qr-code-fill'),
	('ri ri-qr-code-line'),
	('ri ri-qr-scan-2-fill'),
	('ri ri-qr-scan-2-line'),
	('ri ri-qr-scan-fill'),
	('ri ri-qr-scan-line'),
	('ri ri-question-answer-fill'),
	('ri ri-question-answer-line'),
	('ri ri-question-fill'),
	('ri ri-question-line'),
	('ri ri-question-mark'),
	('ri ri-questionnaire-fill'),
	('ri ri-questionnaire-line'),
	('ri ri-quill-pen-fill'),
	('ri ri-quill-pen-line'),
	('ri ri-radar-fill'),
	('ri ri-radar-line'),
	('ri ri-radio-2-fill'),
	('ri ri-radio-2-line'),
	('ri ri-radio-button-fill'),
	('ri ri-radio-button-line'),
	('ri ri-radio-fill'),
	('ri ri-radio-line'),
	('ri ri-rainbow-fill'),
	('ri ri-rainbow-line'),
	('ri ri-rainy-fill'),
	('ri ri-rainy-line'),
	('ri ri-reactjs-fill'),
	('ri ri-reactjs-line'),
	('ri ri-record-circle-fill'),
	('ri ri-record-circle-line'),
	('ri ri-record-mail-fill'),
	('ri ri-record-mail-line'),
	('ri ri-recycle-fill'),
	('ri ri-recycle-line'),
	('ri ri-red-packet-fill'),
	('ri ri-red-packet-line'),
	('ri ri-reddit-fill'),
	('ri ri-reddit-line'),
	('ri ri-refresh-fill'),
	('ri ri-refresh-line'),
	('ri ri-refund-2-fill'),
	('ri ri-refund-2-line'),
	('ri ri-refund-fill'),
	('ri ri-refund-line'),
	('ri ri-registered-fill'),
	('ri ri-registered-line'),
	('ri ri-remixicon-fill'),
	('ri ri-remixicon-line'),
	('ri ri-remote-control-2-fill'),
	('ri ri-remote-control-2-line'),
	('ri ri-remote-control-fill'),
	('ri ri-remote-control-line'),
	('ri ri-repeat-2-fill'),
	('ri ri-repeat-2-line'),
	('ri ri-repeat-fill'),
	('ri ri-repeat-line'),
	('ri ri-repeat-one-fill'),
	('ri ri-repeat-one-line'),
	('ri ri-reply-all-fill'),
	('ri ri-reply-all-line'),
	('ri ri-reply-fill'),
	('ri ri-reply-line'),
	('ri ri-reserved-fill'),
	('ri ri-reserved-line'),
	('ri ri-rest-time-fill'),
	('ri ri-rest-time-line'),
	('ri ri-restart-fill'),
	('ri ri-restart-line'),
	('ri ri-restaurant-2-fill'),
	('ri ri-restaurant-2-line'),
	('ri ri-restaurant-fill'),
	('ri ri-restaurant-line'),
	('ri ri-rewind-fill'),
	('ri ri-rewind-line'),
	('ri ri-rewind-mini-fill'),
	('ri ri-rewind-mini-line'),
	('ri ri-rhythm-fill'),
	('ri ri-rhythm-line'),
	('ri ri-riding-fill'),
	('ri ri-riding-line'),
	('ri ri-road-map-fill'),
	('ri ri-road-map-line'),
	('ri ri-roadster-fill'),
	('ri ri-roadster-line'),
	('ri ri-robot-fill'),
	('ri ri-robot-line'),
	('ri ri-rocket-2-fill'),
	('ri ri-rocket-2-line'),
	('ri ri-rocket-fill'),
	('ri ri-rocket-line'),
	('ri ri-rotate-lock-fill'),
	('ri ri-rotate-lock-line'),
	('ri ri-rounded-corner'),
	('ri ri-route-fill'),
	('ri ri-route-line'),
	('ri ri-router-fill'),
	('ri ri-router-line'),
	('ri ri-rss-fill'),
	('ri ri-rss-line'),
	('ri ri-ruler-2-fill'),
	('ri ri-ruler-2-line'),
	('ri ri-ruler-fill'),
	('ri ri-ruler-line'),
	('ri ri-run-fill'),
	('ri ri-run-line'),
	('ri ri-safari-fill'),
	('ri ri-safari-line'),
	('ri ri-safe-2-fill'),
	('ri ri-safe-2-line'),
	('ri ri-safe-fill'),
	('ri ri-safe-line'),
	('ri ri-sailboat-fill'),
	('ri ri-sailboat-line'),
	('ri ri-save-2-fill'),
	('ri ri-save-2-line'),
	('ri ri-save-3-fill'),
	('ri ri-save-3-line'),
	('ri ri-save-fill'),
	('ri ri-save-line'),
	('ri ri-scales-2-fill'),
	('ri ri-scales-2-line'),
	('ri ri-scales-3-fill'),
	('ri ri-scales-3-line'),
	('ri ri-scales-fill'),
	('ri ri-scales-line'),
	('ri ri-scan-2-fill'),
	('ri ri-scan-2-line'),
	('ri ri-scan-fill'),
	('ri ri-scan-line'),
	('ri ri-scissors-2-fill'),
	('ri ri-scissors-2-line'),
	('ri ri-scissors-cut-fill'),
	('ri ri-scissors-cut-line'),
	('ri ri-scissors-fill'),
	('ri ri-scissors-line'),
	('ri ri-screenshot-2-fill'),
	('ri ri-screenshot-2-line'),
	('ri ri-screenshot-fill'),
	('ri ri-screenshot-line'),
	('ri ri-sd-card-fill'),
	('ri ri-sd-card-line'),
	('ri ri-sd-card-mini-fill'),
	('ri ri-sd-card-mini-line'),
	('ri ri-search-2-fill'),
	('ri ri-search-2-line'),
	('ri ri-search-eye-fill'),
	('ri ri-search-eye-line'),
	('ri ri-search-fill'),
	('ri ri-search-line'),
	('ri ri-secure-payment-fill'),
	('ri ri-secure-payment-line'),
	('ri ri-seedling-fill'),
	('ri ri-seedling-line'),
	('ri ri-send-backward'),
	('ri ri-send-plane-2-fill'),
	('ri ri-send-plane-2-line'),
	('ri ri-send-plane-fill'),
	('ri ri-send-plane-line'),
	('ri ri-send-to-back'),
	('ri ri-sensor-fill'),
	('ri ri-sensor-line'),
	('ri ri-separator'),
	('ri ri-server-fill'),
	('ri ri-server-line'),
	('ri ri-service-fill'),
	('ri ri-service-line'),
	('ri ri-settings-2-fill'),
	('ri ri-settings-2-line'),
	('ri ri-settings-3-fill'),
	('ri ri-settings-3-line'),
	('ri ri-settings-4-fill'),
	('ri ri-settings-4-line'),
	('ri ri-settings-5-fill'),
	('ri ri-settings-5-line'),
	('ri ri-settings-6-fill'),
	('ri ri-settings-6-line'),
	('ri ri-settings-fill'),
	('ri ri-settings-line'),
	('ri ri-shape-2-fill'),
	('ri ri-shape-2-line'),
	('ri ri-shape-fill'),
	('ri ri-shape-line'),
	('ri ri-share-box-fill'),
	('ri ri-share-box-line'),
	('ri ri-share-circle-fill'),
	('ri ri-share-circle-line'),
	('ri ri-share-fill'),
	('ri ri-share-forward-2-fill'),
	('ri ri-share-forward-2-line'),
	('ri ri-share-forward-box-fill'),
	('ri ri-share-forward-box-line'),
	('ri ri-share-forward-fill'),
	('ri ri-share-forward-line'),
	('ri ri-share-line'),
	('ri ri-shield-check-fill'),
	('ri ri-shield-check-line'),
	('ri ri-shield-cross-fill'),
	('ri ri-shield-cross-line'),
	('ri ri-shield-fill'),
	('ri ri-shield-flash-fill'),
	('ri ri-shield-flash-line'),
	('ri ri-shield-keyhole-fill'),
	('ri ri-shield-keyhole-line'),
	('ri ri-shield-line'),
	('ri ri-shield-star-fill'),
	('ri ri-shield-star-line'),
	('ri ri-shield-user-fill'),
	('ri ri-shield-user-line'),
	('ri ri-ship-2-fill'),
	('ri ri-ship-2-line'),
	('ri ri-ship-fill'),
	('ri ri-ship-line'),
	('ri ri-shirt-fill'),
	('ri ri-shirt-line'),
	('ri ri-shopping-bag-2-fill'),
	('ri ri-shopping-bag-2-line'),
	('ri ri-shopping-bag-3-fill'),
	('ri ri-shopping-bag-3-line'),
	('ri ri-shopping-bag-fill'),
	('ri ri-shopping-bag-line'),
	('ri ri-shopping-basket-2-fill'),
	('ri ri-shopping-basket-2-line'),
	('ri ri-shopping-basket-fill'),
	('ri ri-shopping-basket-line'),
	('ri ri-shopping-cart-2-fill'),
	('ri ri-shopping-cart-2-line'),
	('ri ri-shopping-cart-fill'),
	('ri ri-shopping-cart-line'),
	('ri ri-showers-fill'),
	('ri ri-showers-line'),
	('ri ri-shuffle-fill'),
	('ri ri-shuffle-line'),
	('ri ri-shut-down-fill'),
	('ri ri-shut-down-line'),
	('ri ri-side-bar-fill'),
	('ri ri-side-bar-line'),
	('ri ri-signal-tower-fill'),
	('ri ri-signal-tower-line'),
	('ri ri-signal-wifi-1-fill'),
	('ri ri-signal-wifi-1-line'),
	('ri ri-signal-wifi-2-fill'),
	('ri ri-signal-wifi-2-line'),
	('ri ri-signal-wifi-3-fill'),
	('ri ri-signal-wifi-3-line'),
	('ri ri-signal-wifi-error-fill'),
	('ri ri-signal-wifi-error-line'),
	('ri ri-signal-wifi-fill'),
	('ri ri-signal-wifi-line'),
	('ri ri-signal-wifi-off-fill'),
	('ri ri-signal-wifi-off-line'),
	('ri ri-sim-card-2-fill'),
	('ri ri-sim-card-2-line'),
	('ri ri-sim-card-fill'),
	('ri ri-sim-card-line'),
	('ri ri-single-quotes-l'),
	('ri ri-single-quotes-r'),
	('ri ri-sip-fill'),
	('ri ri-sip-line'),
	('ri ri-skip-back-fill'),
	('ri ri-skip-back-line'),
	('ri ri-skip-back-mini-fill'),
	('ri ri-skip-back-mini-line'),
	('ri ri-skip-forward-fill'),
	('ri ri-skip-forward-line'),
	('ri ri-skip-forward-mini-fill'),
	('ri ri-skip-forward-mini-line'),
	('ri ri-skull-2-fill'),
	('ri ri-skull-2-line'),
	('ri ri-skull-fill'),
	('ri ri-skull-line'),
	('ri ri-skype-fill'),
	('ri ri-skype-line'),
	('ri ri-slack-fill'),
	('ri ri-slack-line'),
	('ri ri-slice-fill'),
	('ri ri-slice-line'),
	('ri ri-slideshow-2-fill'),
	('ri ri-slideshow-2-line'),
	('ri ri-slideshow-3-fill'),
	('ri ri-slideshow-3-line'),
	('ri ri-slideshow-4-fill'),
	('ri ri-slideshow-4-line'),
	('ri ri-slideshow-fill'),
	('ri ri-slideshow-line'),
	('ri ri-smartphone-fill'),
	('ri ri-smartphone-line'),
	('ri ri-snapchat-fill'),
	('ri ri-snapchat-line'),
	('ri ri-snowy-fill'),
	('ri ri-snowy-line'),
	('ri ri-sort-asc'),
	('ri ri-sort-desc'),
	('ri ri-sound-module-fill'),
	('ri ri-sound-module-line'),
	('ri ri-soundcloud-fill'),
	('ri ri-soundcloud-line'),
	('ri ri-space'),
	('ri ri-space-ship-fill'),
	('ri ri-space-ship-line'),
	('ri ri-spam-2-fill'),
	('ri ri-spam-2-line'),
	('ri ri-spam-3-fill'),
	('ri ri-spam-3-line'),
	('ri ri-spam-fill'),
	('ri ri-spam-line'),
	('ri ri-speaker-2-fill'),
	('ri ri-speaker-2-line'),
	('ri ri-speaker-3-fill'),
	('ri ri-speaker-3-line'),
	('ri ri-speaker-fill'),
	('ri ri-speaker-line'),
	('ri ri-spectrum-fill'),
	('ri ri-spectrum-line'),
	('ri ri-speed-fill'),
	('ri ri-speed-line'),
	('ri ri-speed-mini-fill'),
	('ri ri-speed-mini-line'),
	('ri ri-split-cells-horizontal'),
	('ri ri-split-cells-vertical'),
	('ri ri-spotify-fill'),
	('ri ri-spotify-line'),
	('ri ri-spy-fill'),
	('ri ri-spy-line'),
	('ri ri-stack-fill'),
	('ri ri-stack-line'),
	('ri ri-stack-overflow-fill'),
	('ri ri-stack-overflow-line'),
	('ri ri-stackshare-fill'),
	('ri ri-stackshare-line'),
	('ri ri-star-fill'),
	('ri ri-star-half-fill'),
	('ri ri-star-half-line'),
	('ri ri-star-half-s-fill'),
	('ri ri-star-half-s-line'),
	('ri ri-star-line'),
	('ri ri-star-s-fill'),
	('ri ri-star-s-line'),
	('ri ri-star-smile-fill'),
	('ri ri-star-smile-line'),
	('ri ri-steam-fill'),
	('ri ri-steam-line'),
	('ri ri-steering-2-fill'),
	('ri ri-steering-2-line'),
	('ri ri-steering-fill'),
	('ri ri-steering-line'),
	('ri ri-stethoscope-fill'),
	('ri ri-stethoscope-line'),
	('ri ri-sticky-note-2-fill'),
	('ri ri-sticky-note-2-line'),
	('ri ri-sticky-note-fill'),
	('ri ri-sticky-note-line'),
	('ri ri-stock-fill'),
	('ri ri-stock-line'),
	('ri ri-stop-circle-fill'),
	('ri ri-stop-circle-line'),
	('ri ri-stop-fill'),
	('ri ri-stop-line'),
	('ri ri-stop-mini-fill'),
	('ri ri-stop-mini-line'),
	('ri ri-store-2-fill'),
	('ri ri-store-2-line'),
	('ri ri-store-3-fill'),
	('ri ri-store-3-line'),
	('ri ri-store-fill'),
	('ri ri-store-line'),
	('ri ri-strikethrough'),
	('ri ri-strikethrough-2'),
	('ri ri-subscript'),
	('ri ri-subscript-2'),
	('ri ri-subtract-fill'),
	('ri ri-subtract-line'),
	('ri ri-subway-fill'),
	('ri ri-subway-line'),
	('ri ri-subway-wifi-fill'),
	('ri ri-subway-wifi-line'),
	('ri ri-suitcase-2-fill'),
	('ri ri-suitcase-2-line'),
	('ri ri-suitcase-3-fill'),
	('ri ri-suitcase-3-line'),
	('ri ri-suitcase-fill'),
	('ri ri-suitcase-line'),
	('ri ri-sun-cloudy-fill'),
	('ri ri-sun-cloudy-line'),
	('ri ri-sun-fill'),
	('ri ri-sun-foggy-fill'),
	('ri ri-sun-foggy-line'),
	('ri ri-sun-line'),
	('ri ri-superscript'),
	('ri ri-superscript-2'),
	('ri ri-surgical-mask-fill'),
	('ri ri-surgical-mask-line'),
	('ri ri-surround-sound-fill'),
	('ri ri-surround-sound-line'),
	('ri ri-survey-fill'),
	('ri ri-survey-line'),
	('ri ri-swap-box-fill'),
	('ri ri-swap-box-line'),
	('ri ri-swap-fill'),
	('ri ri-swap-line'),
	('ri ri-switch-fill'),
	('ri ri-switch-line'),
	('ri ri-sword-fill'),
	('ri ri-sword-line'),
	('ri ri-syringe-fill'),
	('ri ri-syringe-line'),
	('ri ri-t-box-fill'),
	('ri ri-t-box-line'),
	('ri ri-t-shirt-2-fill'),
	('ri ri-t-shirt-2-line'),
	('ri ri-t-shirt-air-fill'),
	('ri ri-t-shirt-air-line'),
	('ri ri-t-shirt-fill'),
	('ri ri-t-shirt-line'),
	('ri ri-table-2'),
	('ri ri-table-alt-fill'),
	('ri ri-table-alt-line'),
	('ri ri-table-fill'),
	('ri ri-table-line'),
	('ri ri-tablet-fill'),
	('ri ri-tablet-line'),
	('ri ri-takeaway-fill'),
	('ri ri-takeaway-line'),
	('ri ri-taobao-fill'),
	('ri ri-taobao-line'),
	('ri ri-tape-fill'),
	('ri ri-tape-line'),
	('ri ri-task-fill'),
	('ri ri-task-line'),
	('ri ri-taxi-fill'),
	('ri ri-taxi-line'),
	('ri ri-taxi-wifi-fill'),
	('ri ri-taxi-wifi-line'),
	('ri ri-team-fill'),
	('ri ri-team-line'),
	('ri ri-telegram-fill'),
	('ri ri-telegram-line'),
	('ri ri-temp-cold-fill'),
	('ri ri-temp-cold-line'),
	('ri ri-temp-hot-fill'),
	('ri ri-temp-hot-line'),
	('ri ri-terminal-box-fill'),
	('ri ri-terminal-box-line'),
	('ri ri-terminal-fill'),
	('ri ri-terminal-line'),
	('ri ri-terminal-window-fill'),
	('ri ri-terminal-window-line'),
	('ri ri-test-tube-fill'),
	('ri ri-test-tube-line'),
	('ri ri-text'),
	('ri ri-text-direction-l'),
	('ri ri-text-direction-r'),
	('ri ri-text-spacing'),
	('ri ri-text-wrap'),
	('ri ri-thermometer-fill'),
	('ri ri-thermometer-line'),
	('ri ri-thumb-down-fill'),
	('ri ri-thumb-down-line'),
	('ri ri-thumb-up-fill'),
	('ri ri-thumb-up-line'),
	('ri ri-thunderstorms-fill'),
	('ri ri-thunderstorms-line'),
	('ri ri-ticket-2-fill'),
	('ri ri-ticket-2-line'),
	('ri ri-ticket-fill'),
	('ri ri-ticket-line'),
	('ri ri-time-fill'),
	('ri ri-time-line'),
	('ri ri-timer-2-fill'),
	('ri ri-timer-2-line'),
	('ri ri-timer-fill'),
	('ri ri-timer-flash-fill'),
	('ri ri-timer-flash-line'),
	('ri ri-timer-line'),
	('ri ri-todo-fill'),
	('ri ri-todo-line'),
	('ri ri-toggle-fill'),
	('ri ri-toggle-line'),
	('ri ri-tools-fill'),
	('ri ri-tools-line'),
	('ri ri-tornado-fill'),
	('ri ri-tornado-line'),
	('ri ri-trademark-fill'),
	('ri ri-trademark-line'),
	('ri ri-traffic-light-fill'),
	('ri ri-traffic-light-line'),
	('ri ri-train-fill'),
	('ri ri-train-line'),
	('ri ri-train-wifi-fill'),
	('ri ri-train-wifi-line'),
	('ri ri-translate'),
	('ri ri-translate-2'),
	('ri ri-travesti-fill'),
	('ri ri-travesti-line'),
	('ri ri-treasure-map-fill'),
	('ri ri-treasure-map-line'),
	('ri ri-trello-fill'),
	('ri ri-trello-line'),
	('ri ri-trophy-fill'),
	('ri ri-trophy-line'),
	('ri ri-truck-fill'),
	('ri ri-truck-line'),
	('ri ri-tumblr-fill'),
	('ri ri-tumblr-line'),
	('ri ri-tv-2-fill'),
	('ri ri-tv-2-line'),
	('ri ri-tv-fill'),
	('ri ri-tv-line'),
	('ri ri-twitch-fill'),
	('ri ri-twitch-line'),
	('ri ri-twitter-fill'),
	('ri ri-twitter-line'),
	('ri ri-typhoon-fill'),
	('ri ri-typhoon-line'),
	('ri ri-u-disk-fill'),
	('ri ri-u-disk-line'),
	('ri ri-ubuntu-fill'),
	('ri ri-ubuntu-line'),
	('ri ri-umbrella-fill'),
	('ri ri-umbrella-line'),
	('ri ri-underline'),
	('ri ri-uninstall-fill'),
	('ri ri-uninstall-line'),
	('ri ri-unsplash-fill'),
	('ri ri-unsplash-line'),
	('ri ri-upload-2-fill'),
	('ri ri-upload-2-line'),
	('ri ri-upload-cloud-2-fill'),
	('ri ri-upload-cloud-2-line'),
	('ri ri-upload-cloud-fill'),
	('ri ri-upload-cloud-line'),
	('ri ri-upload-fill'),
	('ri ri-upload-line'),
	('ri ri-usb-fill'),
	('ri ri-usb-line'),
	('ri ri-user-2-fill'),
	('ri ri-user-2-line'),
	('ri ri-user-3-fill'),
	('ri ri-user-3-line'),
	('ri ri-user-4-fill'),
	('ri ri-user-4-line'),
	('ri ri-user-5-fill'),
	('ri ri-user-5-line'),
	('ri ri-user-6-fill'),
	('ri ri-user-6-line'),
	('ri ri-user-add-fill'),
	('ri ri-user-add-line'),
	('ri ri-user-fill'),
	('ri ri-user-follow-fill'),
	('ri ri-user-follow-line'),
	('ri ri-user-heart-fill'),
	('ri ri-user-heart-line'),
	('ri ri-user-line'),
	('ri ri-user-location-fill'),
	('ri ri-user-location-line'),
	('ri ri-user-received-2-fill'),
	('ri ri-user-received-2-line'),
	('ri ri-user-received-fill'),
	('ri ri-user-received-line'),
	('ri ri-user-search-fill'),
	('ri ri-user-search-line'),
	('ri ri-user-settings-fill'),
	('ri ri-user-settings-line'),
	('ri ri-user-shared-2-fill'),
	('ri ri-user-shared-2-line'),
	('ri ri-user-shared-fill'),
	('ri ri-user-shared-line'),
	('ri ri-user-smile-fill'),
	('ri ri-user-smile-line'),
	('ri ri-user-star-fill'),
	('ri ri-user-star-line'),
	('ri ri-user-unfollow-fill'),
	('ri ri-user-unfollow-line'),
	('ri ri-user-voice-fill'),
	('ri ri-user-voice-line'),
	('ri ri-video-add-fill'),
	('ri ri-video-add-line'),
	('ri ri-video-chat-fill'),
	('ri ri-video-chat-line'),
	('ri ri-video-download-fill'),
	('ri ri-video-download-line'),
	('ri ri-video-fill'),
	('ri ri-video-line'),
	('ri ri-video-upload-fill'),
	('ri ri-video-upload-line'),
	('ri ri-vidicon-2-fill'),
	('ri ri-vidicon-2-line'),
	('ri ri-vidicon-fill'),
	('ri ri-vidicon-line'),
	('ri ri-vimeo-fill'),
	('ri ri-vimeo-line'),
	('ri ri-vip-crown-2-fill'),
	('ri ri-vip-crown-2-line'),
	('ri ri-vip-crown-fill'),
	('ri ri-vip-crown-line'),
	('ri ri-vip-diamond-fill'),
	('ri ri-vip-diamond-line'),
	('ri ri-vip-fill'),
	('ri ri-vip-line'),
	('ri ri-virus-fill'),
	('ri ri-virus-line'),
	('ri ri-visa-fill'),
	('ri ri-visa-line'),
	('ri ri-voice-recognition-fill'),
	('ri ri-voice-recognition-line'),
	('ri ri-voiceprint-fill'),
	('ri ri-voiceprint-line'),
	('ri ri-volume-down-fill'),
	('ri ri-volume-down-line'),
	('ri ri-volume-mute-fill'),
	('ri ri-volume-mute-line'),
	('ri ri-volume-off-vibrate-fill'),
	('ri ri-volume-off-vibrate-line'),
	('ri ri-volume-up-fill'),
	('ri ri-volume-up-line'),
	('ri ri-volume-vibrate-fill'),
	('ri ri-volume-vibrate-line'),
	('ri ri-vuejs-fill'),
	('ri ri-vuejs-line'),
	('ri ri-walk-fill'),
	('ri ri-walk-line'),
	('ri ri-wallet-2-fill'),
	('ri ri-wallet-2-line'),
	('ri ri-wallet-3-fill'),
	('ri ri-wallet-3-line'),
	('ri ri-wallet-fill'),
	('ri ri-wallet-line'),
	('ri ri-water-flash-fill'),
	('ri ri-water-flash-line'),
	('ri ri-webcam-fill'),
	('ri ri-webcam-line'),
	('ri ri-wechat-2-fill'),
	('ri ri-wechat-2-line'),
	('ri ri-wechat-fill'),
	('ri ri-wechat-line'),
	('ri ri-wechat-pay-fill'),
	('ri ri-wechat-pay-line'),
	('ri ri-weibo-fill'),
	('ri ri-weibo-line'),
	('ri ri-whatsapp-fill'),
	('ri ri-whatsapp-line'),
	('ri ri-wheelchair-fill'),
	('ri ri-wheelchair-line'),
	('ri ri-wifi-fill'),
	('ri ri-wifi-line'),
	('ri ri-wifi-off-fill'),
	('ri ri-wifi-off-line'),
	('ri ri-window-2-fill'),
	('ri ri-window-2-line'),
	('ri ri-window-fill'),
	('ri ri-window-line'),
	('ri ri-windows-fill'),
	('ri ri-windows-line'),
	('ri ri-windy-fill'),
	('ri ri-windy-line'),
	('ri ri-wireless-charging-fill'),
	('ri ri-wireless-charging-line'),
	('ri ri-women-fill'),
	('ri ri-women-line'),
	('ri ri-wubi-input'),
	('ri ri-xbox-fill'),
	('ri ri-xbox-line'),
	('ri ri-xing-fill'),
	('ri ri-xing-line'),
	('ri ri-youtube-fill'),
	('ri ri-youtube-line'),
	('ri ri-zcool-fill'),
	('ri ri-zcool-line'),
	('ri ri-zhihu-fill'),
	('ri ri-zhihu-line'),
	('ri ri-zoom-in-fill'),
	('ri ri-zoom-in-line'),
	('ri ri-zoom-out-fill'),
	('ri ri-zoom-out-line'),
	('ri ri-zzz-fill'),
	('ri ri-zzz-line');

-- Dumping structure for table dbaaaflight.user_menu
DROP TABLE IF EXISTS `user_menu`;
CREATE TABLE IF NOT EXISTS `user_menu` (
  `id` int NOT NULL AUTO_INCREMENT,
  `parent_id` char(5) DEFAULT NULL,
  `name` varchar(75) DEFAULT NULL,
  `href` varchar(100) DEFAULT NULL,
  `icon` varchar(100) DEFAULT NULL,
  `breadcrumbs` varchar(200) DEFAULT NULL,
  `status` varchar(10) DEFAULT NULL,
  `type` char(10) DEFAULT NULL,
  `description` varchar(100) DEFAULT NULL,
  `order` smallint DEFAULT '9999',
  PRIMARY KEY (`id`),
  KEY `id` (`id`)
) ENGINE=InnoDB AUTO_INCREMENT=114 DEFAULT CHARSET=latin1;

-- Dumping data for table dbaaaflight.user_menu: ~63 rows (approximately)
INSERT INTO `user_menu` (`id`, `parent_id`, `name`, `href`, `icon`, `breadcrumbs`, `status`, `type`, `description`, `order`) VALUES
	(1, '1', 'Dashboard', '../admin/index.php', 'bi bi-grid', 'Dashboard', 'active', 'm', 'index', 1),
	(3, '3', 'Manage User', '../user/user_list.php', 'bx bx-user-circle', ' / Manage User', NULL, 'm', 'manage_user', 5),
	(4, '4', 'Change Password', '../user/user_updatepw.php', 'ri ri-lock-password-line', ' / Change Password', NULL, 'm', 'change_password', 9999),
	(5, '21', 'Group Restriction', 'user_group_restriction.php', '', NULL, NULL, NULL, 'group_restriction', 9999),
	(6, '21', 'Group Restriction Updater', 'user_group_restriction_updater.php', '', NULL, NULL, NULL, 'group_restriction_updater', 9999),
	(7, '3', 'New User', 'user_new.php', '', 'Manage User Group / New User', NULL, NULL, 'user_new', 9999),
	(8, '3', 'Update User Details', 'user_update.php', '', 'Manage User Group / Update User Details', NULL, NULL, 'user_update', 9999),
	(9, '3', 'Update User Password', 'user_updatepw.php', '', 'Manage User Group / Update User Password', NULL, NULL, 'user_update_password', 9999),
	(10, '3', 'Print User List', 'user_print.php', '', 'Manage User Group / Print User List', NULL, NULL, 'user_print', 9999),
	(11, '3', 'Remove User', 'user_remove.php', '', 'Manage User Group / Remove User', NULL, NULL, 'user_remove', 9999),
	(12, '22', 'New Link', 'user_menu_new.php', '', 'Manage Menu / New Link', NULL, NULL, 'menu_new', 9999),
	(13, '22', 'Update Link', 'user_menu_update.php', '', 'Manage Menu / Update Link', NULL, NULL, 'menu_update', 9999),
	(14, '22', 'Remove Link', 'user_menu_remove.php', '', 'Manage Menu / Remove Link', NULL, NULL, 'menu_remove', 9999),
	(15, '21', 'Group Restriction Details', 'user_group_restriction_details.php', '', NULL, NULL, NULL, 'group_restriction_details', 9999),
	(16, '22', 'User Menu Details', 'user_menu_details.php', '', NULL, NULL, NULL, 'user_menu_details', 9999),
	(17, '21', 'Group New', 'user_group_new.php', '', 'Manage User Group / Group New', NULL, NULL, 'group_new', 9999),
	(18, '21', 'Group Update', 'user_group_update.php', '', 'Manage User Group / Group Update', NULL, NULL, 'group_update', 9999),
	(19, '21', 'Group Remove', 'user_group_remove.php', '', 'Manage User Group / Group Remove', NULL, NULL, 'group_remove', 9999),
	(20, '21', 'Group Print', 'user_group_print.php', '', 'Manage User Group / Group Print', NULL, NULL, 'group_print', 9999),
	(21, '21', 'Manage User Group', '../user_role/user_group_list.php', 'bi bi-people-fill', ' / Manage User Group', NULL, 'm', 'manage_user_group', 9999),
	(22, '22', 'Manage Menu', '../user_role/user_menu_list.php', 'bi bi-menu-button-fill', 'Manage Menu / ', NULL, 'm', 'manage_menu', 9999),
	(23, '59', 'Designation List', '../designation/designation_list.php', 'bi bi-circle', ' / Designation List', NULL, 'm', 'designation_list', 9999),
	(24, '23', 'New Designation', '../designation/designation_new.php', '', 'Designation List / New Designation', NULL, '', 'new_designation', 9999),
	(25, '23', 'Update Designation', '../designation/designation_update.php', '', 'Designation List / Update Designation', NULL, '', 'update_designation', 9999),
	(26, '23', 'Remove Designation', '../designation/designation_remove.php', '', 'Remove Designation', NULL, '', 'remove_designation', 9999),
	(27, '59', 'Change Logo/Background', '../upload/index_changelogobk.php', 'bi bi-circle', ' / Change Logo/Background', NULL, 'm', 'change_logo/background', 9999),
	(59, '59', 'Configuration', '#', 'ri ri-settings-2-line', ' / Configuration', NULL, 'm', 'configuration', 9999),
	(60, '59', 'Basic Settings', '../config/basic_settings.php', 'bi bi-circle', ' / Basic Settings', NULL, 'm', 'basic_settings', 9999),
	(62, '59', 'Emergency Radio', '../config/emergency_radio_list.php', 'bi bi-circle', ' / Emergency Radio', NULL, 'm', 'emergency_radio', 9999),
	(64, '59', 'Flight Rules', '../config/flight_rules_list.php', 'bi bi-circle', ' / Flight Rules', NULL, 'm', 'flight_rules', 9999),
	(65, '59', 'Jacket', '../config/jacket_list.php', 'bi bi-circle', ' / Jacket', NULL, 'm', 'jacket', 9999),
	(66, '59', 'Level', '../config/level_list.php', 'bi bi-circle', ' / Level', NULL, 'm', 'level', 9999),
	(67, '59', 'Route', '../config/route_list.php', 'bi bi-circle', ' / Route', NULL, 'm', 'route', 9999),
	(68, '59', 'Survival Equipment', '../config/survival_equipment_list.php', 'bi bi-circle', ' / Survival Equipment', NULL, 'm', 'survival_equipment', 9999),
	(69, '59', 'Type of AirCraft', '../config/aircraft_type_list.php', 'bi bi-circle', ' / Type of AirCraft', NULL, 'm', 'type_of_aircraft', 9999),
	(71, '59', 'Wake Turbulance', '../config/wake_turbulance_list.php', 'bi bi-circle', ' / Wake Turbulance', NULL, 'm', 'wake_turbulance', 9999),
	(72, '72', 'Student', '../student/student_list.php', 'bx bxs-id-card', ' / Student', NULL, 'm', 'student', 6000),
	(73, '73', 'Instructor', '../instructor/instructor_list.php', 'ri ri-user-2-fill', ' / Instructor', NULL, 'm', 'instructor', 5000),
	(74, '74', 'Flight Plan Schedule', '../flight_sched/flight_plan_list.php', 'bi bi-geo-alt-fill', ' / Flight Plan Schedule', NULL, 'm', 'flight_plan_schedule', 4000),
	(75, '75', 'Mechanic', '../mechanic/mechanic_list.php', 'bi bi-tools', ' / Mechanic', NULL, 'm', 'mechanic', 6003),
	(76, '69', 'New Type of Aircraft', '../config/aircraft_type_new.php', 'bi bi-circle', ' / New  Type of Aircraft', NULL, '', 'new_type_of_aircraft', 9999),
	(77, '69', 'Update  Type of Aircraft', '../config/aircraft_type_update.php', 'bi bi-circle', ' / Update  Type of Aircraft', NULL, '', 'update__type_of_aircraft', 9999),
	(78, '69', 'Remove  Type of Aircraft', '../config/aircraft_type_remove.php', 'bi bi-circle', ' /Remove  Type of Aircraft', NULL, NULL, 'remove_type_of_aircraft', 9999),
	(79, '64', 'New Flight Rules', '../config/flight_rules_new.php', 'bi bi-circle', ' / New Flight Rules', NULL, '', 'new_flight_rules', 9999),
	(80, '64', 'Update Flight Rules', '../config/flight_rules_update.php', 'bi bi-circle', ' / Update Flight Rules', NULL, '', 'update_flight_rules', 9999),
	(81, '64', 'Remove Flight Rules', '../config/flight_rules_ne.php', 'bi bi-circle', ' / Remove Flight Rules', NULL, '', 'remove_flight_rules', 9999),
	(82, '65', 'New Jacket', '../config/jacket_new.php', 'bi bi-circle', ' / New Jacket', NULL, '', 'new_jacket', 9999),
	(83, '65', 'Update Jacket', '../config/jacket_update.php', 'bi bi-circle', ' / Update Jacket', NULL, '', 'update_jacket', 9999),
	(84, '65', 'Remove Jacket', '../config/jacket_remove.php', 'bi bi-circle', ' / Remove Jacket', NULL, '', 'remove_jacket', 9999),
	(85, '68', 'New Survival Equipment', '../config/survival equipment_new.php', 'bi bi-circle', ' / New Survival Equipment', NULL, '', 'new_survival_equipment', 9999),
	(86, '68', 'Update Survival Equipment', '../config/survival equipment_update.php', 'bi bi-circle', ' / Update Survival Equipment', NULL, '', 'update_survival_equipment', 9999),
	(87, '68', 'Remove Survival Equipment', '../config/survival equipment_remove.php', 'bi bi-circle', ' / Remove Survival Equipment', NULL, '', 'remove_survival_equipment', 9999),
	(88, '66', 'New Level', '../config/level_new.php', 'bi bi-circle', ' / New Level', NULL, '', 'new_level', 9999),
	(89, '66', 'Update Level', '../config/level_update.php', 'bi bi-circle', ' / Update Level', NULL, '', 'update_level', 9999),
	(90, '66', 'Remove Level', '../config/level_remove.php', 'bi bi-circle', ' / Remove Level', NULL, '', 'remove_level', 9999),
	(91, '62', 'New Emergency Radio', '../config/emergency_radio_new.php', 'bi bi-circle', ' / New Emergency Radio', NULL, '', 'new_emergency_radio', 9999),
	(92, '62', 'Update Emergency Radio', '../config/emergency_radio_update.php', 'bi bi-circle', ' / Update Emergency Radio', NULL, '', 'update_emergency_radio', 9999),
	(93, '62', 'Remove Emergency Radio', '../config/emergency_radio_remove.php', 'bi bi-circle', ' / Remove Emergency Radio', NULL, '', 'remove_emergency_radio', 9999),
	(94, '71', 'New Wake Turbulance', '../config/wake_turbulance_new.php', 'bi bi-circle', ' / New Wake Turbulance', NULL, '', 'new_wake_turbulance', 9999),
	(95, '71', 'Update Wake Turbulance', '../config/wake_turbulance_update.php', 'bi bi-circle', ' / Update Wake Turbulance', NULL, '', 'update_wake_turbulance', 9999),
	(96, '71', 'Remove Wake Turbulance', '../config/wake_turbulance_remove.php', 'bi bi-circle', ' / Remove Wake Turbulance', NULL, '', 'remove_wake_turbulance', 9999),
	(97, '67', 'New Route', '../config/route_new.php', 'bi bi-circle', ' / New Route', NULL, '', 'new_route', 9999),
	(98, '67', 'Update Route', '../config/route_update.php', 'bi bi-circle', ' / Update Route', NULL, '', 'update_route', 9999),
	(99, '67', 'Remove Route', '../config/route_remove.php', 'bi bi-circle', ' / Remove Route', NULL, '', 'remove_route', 9999),
	(100, '100', 'Aircraft', '../aircraft/aircraft_list.php', 'ri ri-plane-fill', ' / Aircraft', NULL, 'm', 'aircraft', 9999),
	(101, '100', 'New Aircraft', '../aircraft/aircraft_new.php', 'bi bi-circle', ' / New Aircraft', NULL, '', 'new_aircraft', 9999),
	(102, '100', 'Update Aircraft', '../aircraft/aircraft_update.php', 'bi bi-circle', ' / Update Aircraft', NULL, '', 'update_aircraft', 9999),
	(103, '100', 'Remove Aircraft', '../aircraft/aircraft_remove.php', 'bi bi-circle', ' / Remove Aircraft', NULL, '', 'remove_aircraft', 9999),
	(104, '74', 'New Flight Plan Schedule', '../flight_sched/flight_plan_new.php', 'bi bi-circle', ' / New Flight Plan Schedule', NULL, '', 'new_flight_plan_schedule', 9999),
	(105, '74', 'Update Flight Plan Schedule', '../flight_sched/flight_plan_update.php', 'bi bi-circle', ' / Update Flight Plan Schedule', NULL, '', 'update_flight_plan_schedule', 9999),
	(106, '74', 'Remove Flight Plan Schedule', '../flight_sched/flight_plan_remove.php', 'bi bi-circle', ' / Remove Flight Plan Schedule', NULL, '', 'remove_flight_plan_schedule', 9999),
	(107, '74', 'Flight Plan Schedule Details', '../flight_sched/flight_plan_view.php', 'bi bi-circle', ' / Flight Plan Schedule Details', NULL, '', 'flight_plan_schedule_details', 9999),
	(108, '108', 'Archive', '../archive/archive_plan_list.php', 'bi bi-archive-fill', ' / Archive', NULL, 'm', 'archive', 9999),
	(109, '108', 'Archive Details', '../archive/archive_plan_view.php', 'bi bi-circle', ' / Archive Details', NULL, '', 'archive_details', 9999),
	(110, '110', 'Inspection Schedule', '../inspect/inspect_list.php', 'bi bi-tools', ' / Inspection Schedule', NULL, 'm', 'inspection_schedule', 9999),
	(111, '110', 'New Aircraft Inspection Schedule', '../inspect/inspect_new.php', 'bi bi-circle', ' / New Aircraft Inspection Schedule', NULL, '', 'new_aircraft_inspection_schedule', 9999),
	(112, '110', 'Update Aircraft Inspection Schedule', '../inspect/inspect_update.php', 'bi bi-circle', ' / Update Aircraft Inspection Schedule', NULL, '', 'update_aircraft_inspection_schedule', 9999),
	(113, '110', 'Remove Aircraft Inspection Schedule', '../inspect/inspect_remove.php', 'bi bi-circle', ' / Remove Aircraft Inspection Schedule', NULL, '', 'remove_aircraft_inspection_schedule', 9999);

-- Dumping structure for table dbaaaflight.user_restriction
DROP TABLE IF EXISTS `user_restriction`;
CREATE TABLE IF NOT EXISTS `user_restriction` (
  `id` int NOT NULL AUTO_INCREMENT,
  `group` varchar(50) DEFAULT NULL,
  `menu_id` int DEFAULT NULL,
  PRIMARY KEY (`id`),
  KEY `id` (`id`),
  KEY `FK_restriction_menu` (`menu_id`),
  KEY `FK_restriction_user_group` (`group`),
  CONSTRAINT `FK_restriction_menu` FOREIGN KEY (`menu_id`) REFERENCES `user_menu` (`id`) ON DELETE CASCADE ON UPDATE CASCADE,
  CONSTRAINT `FK_restriction_user_group` FOREIGN KEY (`group`) REFERENCES `user_group` (`group`) ON DELETE CASCADE ON UPDATE CASCADE
) ENGINE=InnoDB AUTO_INCREMENT=208 DEFAULT CHARSET=latin1;

-- Dumping data for table dbaaaflight.user_restriction: ~74 rows (approximately)
INSERT INTO `user_restriction` (`id`, `group`, `menu_id`) VALUES
	(53, 'Administrator', 3),
	(55, 'Administrator', 5),
	(56, 'Administrator', 6),
	(58, 'Administrator', 7),
	(59, 'Administrator', 8),
	(60, 'Administrator', 9),
	(61, 'Administrator', 10),
	(62, 'Administrator', 11),
	(63, 'Administrator', 12),
	(64, 'Administrator', 13),
	(66, 'Administrator', 14),
	(67, 'Administrator', 5),
	(68, 'Administrator', 16),
	(69, 'Administrator', 17),
	(70, 'Administrator', 18),
	(71, 'Administrator', 19),
	(72, 'Administrator', 20),
	(73, 'Administrator', 21),
	(74, 'Administrator', 22),
	(75, 'Administrator', 23),
	(76, 'Administrator', 24),
	(77, 'Administrator', 25),
	(78, 'Administrator', 26),
	(83, 'Administrator', 15),
	(87, 'Administrator', 27),
	(120, 'Administrator', 59),
	(121, 'Administrator', 60),
	(122, 'Administrator', 67),
	(123, 'Administrator', 66),
	(124, 'Administrator', 64),
	(125, 'Administrator', 65),
	(126, 'Administrator', 62),
	(129, 'Administrator', 71),
	(131, 'Administrator', 69),
	(132, 'Administrator', 68),
	(133, 'Administrator', 72),
	(134, 'Administrator', 73),
	(135, 'Administrator', 74),
	(136, 'Instructor', 1),
	(137, 'Instructor', 4),
	(138, 'Instructor', 73),
	(142, 'Student', 1),
	(143, 'Student', 4),
	(144, 'Student', 72),
	(145, 'Administrator', 75),
	(146, 'Mechanic', 1),
	(147, 'Mechanic', 75),
	(148, 'Mechanic', 4),
	(149, 'Administrator', 78),
	(150, 'Administrator', 77),
	(151, 'Administrator', 76),
	(152, 'Administrator', 81),
	(153, 'Administrator', 79),
	(154, 'Administrator', 80),
	(155, 'Administrator', 1),
	(156, 'Administrator', 84),
	(157, 'Administrator', 83),
	(158, 'Administrator', 82),
	(159, 'Administrator', 87),
	(160, 'Administrator', 86),
	(161, 'Administrator', 85),
	(162, 'Administrator', 90),
	(163, 'Administrator', 89),
	(164, 'Administrator', 88),
	(165, 'Administrator', 93),
	(166, 'Administrator', 92),
	(167, 'Administrator', 91),
	(168, 'Administrator', 96),
	(169, 'Administrator', 95),
	(170, 'Administrator', 94),
	(171, 'Administrator', 4),
	(172, 'Administrator', 99),
	(173, 'Administrator', 98),
	(174, 'Administrator', 97),
	(175, 'Administrator', 100),
	(176, 'Administrator', 105),
	(177, 'Administrator', 104),
	(178, 'Administrator', 106),
	(179, 'Administrator', 103),
	(180, 'Administrator', 102),
	(181, 'Administrator', 101),
	(182, 'Administrator', 107),
	(183, 'Mechanic', 74),
	(184, 'Mechanic', 107),
	(185, 'Student', 74),
	(186, 'Student', 107),
	(187, 'Instructor', 74),
	(188, 'Instructor', 107),
	(189, 'Administrator', 108),
	(190, 'Administrator', 109),
	(192, 'Instructor', 72),
	(193, 'Instructor', 108),
	(194, 'Instructor', 109),
	(195, 'Mechanic', 108),
	(196, 'Mechanic', 109),
	(198, 'Student', 108),
	(199, 'Student', 109),
	(200, 'Administrator', 110),
	(201, 'Administrator', 113),
	(202, 'Administrator', 112),
	(203, 'Administrator', 111),
	(204, 'Mechanic', 110),
	(205, 'Mechanic', 113),
	(206, 'Mechanic', 112),
	(207, 'Mechanic', 111);

/*!40103 SET TIME_ZONE=IFNULL(@OLD_TIME_ZONE, 'system') */;
/*!40101 SET SQL_MODE=IFNULL(@OLD_SQL_MODE, '') */;
/*!40014 SET FOREIGN_KEY_CHECKS=IFNULL(@OLD_FOREIGN_KEY_CHECKS, 1) */;
/*!40101 SET CHARACTER_SET_CLIENT=@OLD_CHARACTER_SET_CLIENT */;
/*!40111 SET SQL_NOTES=IFNULL(@OLD_SQL_NOTES, 1) */;
